resno,Count,model_no,Res_in_structure,protein
547,1,1,Y,CSF1R_HUMAN
549,4,1,Y,CSF1R_HUMAN
554,3,1,Y,CSF1R_HUMAN
557,1,1,Y,CSF1R_HUMAN
565,1,1,Y,CSF1R_HUMAN
566,1,1,Y,CSF1R_HUMAN
567,3,1,Y,CSF1R_HUMAN
570,1,1,Y,CSF1R_HUMAN
571,1,1,Y,CSF1R_HUMAN
572,1,1,Y,CSF1R_HUMAN
573,2,1,Y,CSF1R_HUMAN
576,1,1,Y,CSF1R_HUMAN
577,1,1,Y,CSF1R_HUMAN
579,1,1,Y,CSF1R_HUMAN
580,1,1,Y,CSF1R_HUMAN
582,1,1,Y,CSF1R_HUMAN
585,1,1,Y,CSF1R_HUMAN
589,2,1,Y,CSF1R_HUMAN
590,2,1,Y,CSF1R_HUMAN
591,1,1,Y,CSF1R_HUMAN
594,2,1,Y,CSF1R_HUMAN
597,1,1,Y,CSF1R_HUMAN
601,1,1,Y,CSF1R_HUMAN
603,2,1,Y,CSF1R_HUMAN
604,3,1,Y,CSF1R_HUMAN
613,1,1,Y,CSF1R_HUMAN
614,1,1,Y,CSF1R_HUMAN
617,2,1,Y,CSF1R_HUMAN
618,1,1,Y,CSF1R_HUMAN
621,2,1,Y,CSF1R_HUMAN
623,1,1,Y,CSF1R_HUMAN
625,1,1,Y,CSF1R_HUMAN
629,4,1,Y,CSF1R_HUMAN
632,1,1,Y,CSF1R_HUMAN
633,2,1,Y,CSF1R_HUMAN
639,1,1,Y,CSF1R_HUMAN
641,2,1,Y,CSF1R_HUMAN
644,1,1,Y,CSF1R_HUMAN
651,1,1,Y,CSF1R_HUMAN
653,1,1,Y,CSF1R_HUMAN
656,1,1,Y,CSF1R_HUMAN
659,1,1,Y,CSF1R_HUMAN
664,2,1,Y,CSF1R_HUMAN
667,1,1,Y,CSF1R_HUMAN
670,2,1,Y,CSF1R_HUMAN
753,2,1,Y,CSF1R_HUMAN
757,1,1,Y,CSF1R_HUMAN
758,2,1,Y,CSF1R_HUMAN
763,1,1,Y,CSF1R_HUMAN
764,3,1,Y,CSF1R_HUMAN
765,2,1,Y,CSF1R_HUMAN
767,1,1,Y,CSF1R_HUMAN
770,3,1,Y,CSF1R_HUMAN
772,1,1,Y,CSF1R_HUMAN
777,1,1,Y,CSF1R_HUMAN
781,3,1,Y,CSF1R_HUMAN
782,2,1,Y,CSF1R_HUMAN
789,1,1,Y,CSF1R_HUMAN
790,2,1,Y,CSF1R_HUMAN
792,3,1,Y,CSF1R_HUMAN
798,1,1,Y,CSF1R_HUMAN
810,1,1,Y,CSF1R_HUMAN
811,1,1,Y,CSF1R_HUMAN
813,1,1,Y,CSF1R_HUMAN
816,2,1,Y,CSF1R_HUMAN
823,1,1,Y,CSF1R_HUMAN
827,1,1,Y,CSF1R_HUMAN
829,1,1,Y,CSF1R_HUMAN
833,3,1,Y,CSF1R_HUMAN
835,1,1,Y,CSF1R_HUMAN
837,3,1,Y,CSF1R_HUMAN
838,4,1,Y,CSF1R_HUMAN
840,1,1,Y,CSF1R_HUMAN
842,2,1,Y,CSF1R_HUMAN
843,1,1,Y,CSF1R_HUMAN
847,4,1,Y,CSF1R_HUMAN
851,1,1,Y,CSF1R_HUMAN
852,1,1,Y,CSF1R_HUMAN
853,1,1,Y,CSF1R_HUMAN
860,1,1,Y,CSF1R_HUMAN
862,1,1,Y,CSF1R_HUMAN
866,1,1,Y,CSF1R_HUMAN
872,2,1,Y,CSF1R_HUMAN
875,4,1,Y,CSF1R_HUMAN
876,3,1,Y,CSF1R_HUMAN
877,1,1,Y,CSF1R_HUMAN
878,2,1,Y,CSF1R_HUMAN
890,1,1,Y,CSF1R_HUMAN
891,2,1,Y,CSF1R_HUMAN
892,1,1,Y,CSF1R_HUMAN
898,1,1,Y,CSF1R_HUMAN
901,2,1,Y,CSF1R_HUMAN
904,1,1,Y,CSF1R_HUMAN
905,2,1,Y,CSF1R_HUMAN
911,1,1,Y,CSF1R_HUMAN
606,2,2,Y,DDR1_HUMAN
607,4,2,Y,DDR1_HUMAN
609,1,2,Y,DDR1_HUMAN
611,1,2,Y,DDR1_HUMAN
616,2,2,Y,DDR1_HUMAN
618,2,2,Y,DDR1_HUMAN
621,1,2,Y,DDR1_HUMAN
625,2,2,Y,DDR1_HUMAN
626,1,2,Y,DDR1_HUMAN
627,1,2,Y,DDR1_HUMAN
641,1,2,Y,DDR1_HUMAN
642,1,2,Y,DDR1_HUMAN
645,2,2,Y,DDR1_HUMAN
650,1,2,Y,DDR1_HUMAN
658,1,2,Y,DDR1_HUMAN
667,1,2,Y,DDR1_HUMAN
678,1,2,Y,DDR1_HUMAN
681,1,2,Y,DDR1_HUMAN
685,1,2,Y,DDR1_HUMAN
687,1,2,Y,DDR1_HUMAN
688,1,2,Y,DDR1_HUMAN
690,1,2,Y,DDR1_HUMAN
692,2,2,Y,DDR1_HUMAN
697,1,2,Y,DDR1_HUMAN
703,1,2,Y,DDR1_HUMAN
714,1,2,Y,DDR1_HUMAN
716,2,2,Y,DDR1_HUMAN
720,1,2,Y,DDR1_HUMAN
725,2,2,Y,DDR1_HUMAN
736,2,2,Y,DDR1_HUMAN
737,1,2,Y,DDR1_HUMAN
739,1,2,Y,DDR1_HUMAN
740,4,2,Y,DDR1_HUMAN
745,1,2,Y,DDR1_HUMAN
747,4,2,Y,DDR1_HUMAN
751,3,2,Y,DDR1_HUMAN
753,1,2,Y,DDR1_HUMAN
761,2,2,Y,DDR1_HUMAN
769,1,2,Y,DDR1_HUMAN
771,1,2,Y,DDR1_HUMAN
774,1,2,Y,DDR1_HUMAN
776,2,2,Y,DDR1_HUMAN
781,1,2,Y,DDR1_HUMAN
785,1,2,Y,DDR1_HUMAN
786,4,2,Y,DDR1_HUMAN
789,1,2,Y,DDR1_HUMAN
793,1,2,Y,DDR1_HUMAN
800,1,2,Y,DDR1_HUMAN
804,1,2,Y,DDR1_HUMAN
806,1,2,Y,DDR1_HUMAN
807,1,2,Y,DDR1_HUMAN
808,1,2,Y,DDR1_HUMAN
809,1,2,Y,DDR1_HUMAN
810,1,2,Y,DDR1_HUMAN
812,1,2,Y,DDR1_HUMAN
814,2,2,Y,DDR1_HUMAN
826,1,2,Y,DDR1_HUMAN
829,1,2,Y,DDR1_HUMAN
831,1,2,Y,DDR1_HUMAN
832,1,2,Y,DDR1_HUMAN
845,1,2,Y,DDR1_HUMAN
846,1,2,Y,DDR1_HUMAN
848,1,2,Y,DDR1_HUMAN
859,1,2,Y,DDR1_HUMAN
861,2,2,Y,DDR1_HUMAN
864,1,2,Y,DDR1_HUMAN
868,3,2,Y,DDR1_HUMAN
878,1,2,Y,DDR1_HUMAN
879,2,2,Y,DDR1_HUMAN
882,1,2,Y,DDR1_HUMAN
883,2,2,Y,DDR1_HUMAN
896,2,2,Y,DDR1_HUMAN
899,1,2,Y,DDR1_HUMAN
901,2,2,Y,DDR1_HUMAN
909,1,2,Y,DDR1_HUMAN
910,1,2,Y,DDR1_HUMAN
610,1,7,Y,EPHB4_HUMAN
612,1,7,Y,EPHB4_HUMAN
613,2,7,Y,EPHB4_HUMAN
615,2,7,Y,EPHB4_HUMAN
619,2,7,Y,EPHB4_HUMAN
625,3,7,Y,EPHB4_HUMAN
628,1,7,Y,EPHB4_HUMAN
630,1,7,Y,EPHB4_HUMAN
631,3,7,Y,EPHB4_HUMAN
633,2,7,Y,EPHB4_HUMAN
637,1,7,Y,EPHB4_HUMAN
640,2,7,Y,EPHB4_HUMAN
641,2,7,Y,EPHB4_HUMAN
642,1,7,Y,EPHB4_HUMAN
644,1,7,Y,EPHB4_HUMAN
646,1,7,Y,EPHB4_HUMAN
649,2,7,Y,EPHB4_HUMAN
652,1,7,Y,EPHB4_HUMAN
657,2,7,Y,EPHB4_HUMAN
663,1,7,Y,EPHB4_HUMAN
667,1,7,Y,EPHB4_HUMAN
672,1,7,Y,EPHB4_HUMAN
673,1,7,Y,EPHB4_HUMAN
678,1,7,Y,EPHB4_HUMAN
680,1,7,Y,EPHB4_HUMAN
681,1,7,Y,EPHB4_HUMAN
682,3,7,Y,EPHB4_HUMAN
689,2,7,Y,EPHB4_HUMAN
700,1,7,Y,EPHB4_HUMAN
703,3,7,Y,EPHB4_HUMAN
706,1,7,Y,EPHB4_HUMAN
710,2,7,Y,EPHB4_HUMAN
718,3,7,Y,EPHB4_HUMAN
726,2,7,Y,EPHB4_HUMAN
729,2,7,Y,EPHB4_HUMAN
731,2,7,Y,EPHB4_HUMAN
732,1,7,Y,EPHB4_HUMAN
733,2,7,Y,EPHB4_HUMAN
734,1,7,Y,EPHB4_HUMAN
735,1,7,Y,EPHB4_HUMAN
736,1,7,Y,EPHB4_HUMAN
737,2,7,Y,EPHB4_HUMAN
748,1,7,Y,EPHB4_HUMAN
752,1,7,Y,EPHB4_HUMAN
753,1,7,Y,EPHB4_HUMAN
758,1,7,Y,EPHB4_HUMAN
767,2,7,Y,EPHB4_HUMAN
781,1,7,Y,EPHB4_HUMAN
789,3,7,Y,EPHB4_HUMAN
791,1,7,Y,EPHB4_HUMAN
792,1,7,Y,EPHB4_HUMAN
793,1,7,Y,EPHB4_HUMAN
795,2,7,Y,EPHB4_HUMAN
798,1,7,Y,EPHB4_HUMAN
800,3,7,Y,EPHB4_HUMAN
802,1,7,Y,EPHB4_HUMAN
807,5,7,Y,EPHB4_HUMAN
817,3,7,Y,EPHB4_HUMAN
819,1,7,Y,EPHB4_HUMAN
820,3,7,Y,EPHB4_HUMAN
824,1,7,Y,EPHB4_HUMAN
827,2,7,Y,EPHB4_HUMAN
830,1,7,Y,EPHB4_HUMAN
837,1,7,Y,EPHB4_HUMAN
838,1,7,Y,EPHB4_HUMAN
842,1,7,Y,EPHB4_HUMAN
843,1,7,Y,EPHB4_HUMAN
846,3,7,Y,EPHB4_HUMAN
848,1,7,Y,EPHB4_HUMAN
850,2,7,Y,EPHB4_HUMAN
862,1,7,Y,EPHB4_HUMAN
863,2,7,Y,EPHB4_HUMAN
864,3,7,Y,EPHB4_HUMAN
865,1,7,Y,EPHB4_HUMAN
866,3,7,Y,EPHB4_HUMAN
868,1,7,Y,EPHB4_HUMAN
870,1,7,Y,EPHB4_HUMAN
871,1,7,Y,EPHB4_HUMAN
873,2,7,Y,EPHB4_HUMAN
874,1,7,Y,EPHB4_HUMAN
875,1,7,Y,EPHB4_HUMAN
878,1,7,Y,EPHB4_HUMAN
879,1,7,Y,EPHB4_HUMAN
882,3,7,Y,EPHB4_HUMAN
887,1,7,Y,EPHB4_HUMAN
889,8,7,Y,EPHB4_HUMAN
459,1,8,Y,FGFR1_HUMAN
461,1,8,Y,FGFR1_HUMAN
462,1,8,Y,FGFR1_HUMAN
466,1,8,Y,FGFR1_HUMAN
467,6,8,Y,FGFR1_HUMAN
470,5,8,Y,FGFR1_HUMAN
473,1,8,Y,FGFR1_HUMAN
475,5,8,Y,FGFR1_HUMAN
483,3,8,Y,FGFR1_HUMAN
485,2,8,Y,FGFR1_HUMAN
486,1,8,Y,FGFR1_HUMAN
491,1,8,Y,FGFR1_HUMAN
492,1,8,Y,FGFR1_HUMAN
494,1,8,Y,FGFR1_HUMAN
495,1,8,Y,FGFR1_HUMAN
500,1,8,Y,FGFR1_HUMAN
502,1,8,Y,FGFR1_HUMAN
506,1,8,Y,FGFR1_HUMAN
507,4,8,Y,FGFR1_HUMAN
509,1,8,Y,FGFR1_HUMAN
511,1,8,Y,FGFR1_HUMAN
518,1,8,Y,FGFR1_HUMAN
520,3,8,Y,FGFR1_HUMAN
526,1,8,Y,FGFR1_HUMAN
532,1,8,Y,FGFR1_HUMAN
534,1,8,Y,FGFR1_HUMAN
535,1,8,Y,FGFR1_HUMAN
537,1,8,Y,FGFR1_HUMAN
538,2,8,Y,FGFR1_HUMAN
539,1,8,Y,FGFR1_HUMAN
542,1,8,Y,FGFR1_HUMAN
544,2,8,Y,FGFR1_HUMAN
546,69,8,Y,FGFR1_HUMAN
547,1,8,Y,FGFR1_HUMAN
548,1,8,Y,FGFR1_HUMAN
552,2,8,Y,FGFR1_HUMAN
553,1,8,Y,FGFR1_HUMAN
554,3,8,Y,FGFR1_HUMAN
556,3,8,Y,FGFR1_HUMAN
561,1,8,Y,FGFR1_HUMAN
565,1,8,Y,FGFR1_HUMAN
566,1,8,Y,FGFR1_HUMAN
568,2,8,Y,FGFR1_HUMAN
570,6,8,Y,FGFR1_HUMAN
574,1,8,Y,FGFR1_HUMAN
575,1,8,Y,FGFR1_HUMAN
576,3,8,Y,FGFR1_HUMAN
577,2,8,Y,FGFR1_HUMAN
591,1,8,Y,FGFR1_HUMAN
592,3,8,Y,FGFR1_HUMAN
594,1,8,Y,FGFR1_HUMAN
596,1,8,Y,FGFR1_HUMAN
597,1,8,Y,FGFR1_HUMAN
598,1,8,Y,FGFR1_HUMAN
599,1,8,Y,FGFR1_HUMAN
602,1,8,Y,FGFR1_HUMAN
604,3,8,Y,FGFR1_HUMAN
608,1,8,Y,FGFR1_HUMAN
609,1,8,Y,FGFR1_HUMAN
610,1,8,Y,FGFR1_HUMAN
611,1,8,Y,FGFR1_HUMAN
612,3,8,Y,FGFR1_HUMAN
614,3,8,Y,FGFR1_HUMAN
618,1,8,Y,FGFR1_HUMAN
627,1,8,Y,FGFR1_HUMAN
629,2,8,Y,FGFR1_HUMAN
633,2,8,Y,FGFR1_HUMAN
634,2,8,Y,FGFR1_HUMAN
645,1,8,Y,FGFR1_HUMAN
646,6,8,Y,FGFR1_HUMAN
660,1,8,Y,FGFR1_HUMAN
661,2,8,Y,FGFR1_HUMAN
664,7,8,Y,FGFR1_HUMAN
665,3,8,Y,FGFR1_HUMAN
666,2,8,Y,FGFR1_HUMAN
668,2,8,Y,FGFR1_HUMAN
670,1,8,Y,FGFR1_HUMAN
674,1,8,Y,FGFR1_HUMAN
675,3,8,Y,FGFR1_HUMAN
678,2,8,Y,FGFR1_HUMAN
684,1,8,Y,FGFR1_HUMAN
685,1,8,Y,FGFR1_HUMAN
687,2,8,Y,FGFR1_HUMAN
698,1,8,Y,FGFR1_HUMAN
702,1,8,Y,FGFR1_HUMAN
703,3,8,Y,FGFR1_HUMAN
706,1,8,Y,FGFR1_HUMAN
707,1,8,Y,FGFR1_HUMAN
708,2,8,Y,FGFR1_HUMAN
711,2,8,Y,FGFR1_HUMAN
717,2,8,Y,FGFR1_HUMAN
718,6,8,Y,FGFR1_HUMAN
719,1,8,Y,FGFR1_HUMAN
722,1,8,Y,FGFR1_HUMAN
728,2,8,Y,FGFR1_HUMAN
734,9,8,Y,FGFR1_HUMAN
735,2,8,Y,FGFR1_HUMAN
738,1,8,Y,FGFR1_HUMAN
740,1,8,Y,FGFR1_HUMAN
741,1,8,Y,FGFR1_HUMAN
743,2,8,Y,FGFR1_HUMAN
751,2,8,Y,FGFR1_HUMAN
753,1,8,Y,FGFR1_HUMAN
755,2,8,Y,FGFR1_HUMAN
466,1,9,Y,FGFR2_HUMAN
469,2,9,Y,FGFR2_HUMAN
470,3,9,Y,FGFR2_HUMAN
471,4,9,Y,FGFR2_HUMAN
475,3,9,Y,FGFR2_HUMAN
478,3,9,Y,FGFR2_HUMAN
479,1,9,Y,FGFR2_HUMAN
482,1,9,Y,FGFR2_HUMAN
483,1,9,Y,FGFR2_HUMAN
484,1,9,Y,FGFR2_HUMAN
486,1,9,Y,FGFR2_HUMAN
492,1,9,Y,FGFR2_HUMAN
493,1,9,Y,FGFR2_HUMAN
495,1,9,Y,FGFR2_HUMAN
496,1,9,Y,FGFR2_HUMAN
497,1,9,Y,FGFR2_HUMAN
498,1,9,Y,FGFR2_HUMAN
504,1,9,Y,FGFR2_HUMAN
508,1,9,Y,FGFR2_HUMAN
509,1,9,Y,FGFR2_HUMAN
510,1,9,Y,FGFR2_HUMAN
511,1,9,Y,FGFR2_HUMAN
514,2,9,Y,FGFR2_HUMAN
516,1,9,Y,FGFR2_HUMAN
518,2,9,Y,FGFR2_HUMAN
522,1,9,Y,FGFR2_HUMAN
525,2,9,Y,FGFR2_HUMAN
530,1,9,Y,FGFR2_HUMAN
532,1,9,Y,FGFR2_HUMAN
533,1,9,Y,FGFR2_HUMAN
534,2,9,Y,FGFR2_HUMAN
537,11,9,Y,FGFR2_HUMAN
538,3,9,Y,FGFR2_HUMAN
540,1,9,Y,FGFR2_HUMAN
541,1,9,Y,FGFR2_HUMAN
542,3,9,Y,FGFR2_HUMAN
544,3,9,Y,FGFR2_HUMAN
547,4,9,Y,FGFR2_HUMAN
549,146,9,Y,FGFR2_HUMAN
550,3,9,Y,FGFR2_HUMAN
552,1,9,Y,FGFR2_HUMAN
558,1,9,Y,FGFR2_HUMAN
559,1,9,Y,FGFR2_HUMAN
560,2,9,Y,FGFR2_HUMAN
562,2,9,Y,FGFR2_HUMAN
563,1,9,Y,FGFR2_HUMAN
564,11,9,Y,FGFR2_HUMAN
565,13,9,Y,FGFR2_HUMAN
569,1,9,Y,FGFR2_HUMAN
570,2,9,Y,FGFR2_HUMAN
574,1,9,Y,FGFR2_HUMAN
577,1,9,Y,FGFR2_HUMAN
578,1,9,Y,FGFR2_HUMAN
581,1,9,Y,FGFR2_HUMAN
582,5,9,Y,FGFR2_HUMAN
600,1,9,Y,FGFR2_HUMAN
602,2,9,Y,FGFR2_HUMAN
605,2,9,Y,FGFR2_HUMAN
607,1,9,Y,FGFR2_HUMAN
611,1,9,Y,FGFR2_HUMAN
612,3,9,Y,FGFR2_HUMAN
613,4,9,Y,FGFR2_HUMAN
614,2,9,Y,FGFR2_HUMAN
616,1,9,Y,FGFR2_HUMAN
617,7,9,Y,FGFR2_HUMAN
618,1,9,Y,FGFR2_HUMAN
619,1,9,Y,FGFR2_HUMAN
620,2,9,Y,FGFR2_HUMAN
625,2,9,Y,FGFR2_HUMAN
626,1,9,Y,FGFR2_HUMAN
628,1,9,Y,FGFR2_HUMAN
632,1,9,Y,FGFR2_HUMAN
634,1,9,Y,FGFR2_HUMAN
636,2,9,Y,FGFR2_HUMAN
640,4,9,Y,FGFR2_HUMAN
641,13,9,Y,FGFR2_HUMAN
642,1,9,Y,FGFR2_HUMAN
645,1,9,Y,FGFR2_HUMAN
646,1,9,Y,FGFR2_HUMAN
648,5,9,Y,FGFR2_HUMAN
650,4,9,Y,FGFR2_HUMAN
652,1,9,Y,FGFR2_HUMAN
654,1,9,Y,FGFR2_HUMAN
655,1,9,Y,FGFR2_HUMAN
659,50,9,Y,FGFR2_HUMAN
664,7,9,Y,FGFR2_HUMAN
666,4,9,Y,FGFR2_HUMAN
667,1,9,Y,FGFR2_HUMAN
668,1,9,Y,FGFR2_HUMAN
672,1,9,Y,FGFR2_HUMAN
673,1,9,Y,FGFR2_HUMAN
674,1,9,Y,FGFR2_HUMAN
676,1,9,Y,FGFR2_HUMAN
677,1,9,Y,FGFR2_HUMAN
678,4,9,Y,FGFR2_HUMAN
679,1,9,Y,FGFR2_HUMAN
682,2,9,Y,FGFR2_HUMAN
685,1,9,Y,FGFR2_HUMAN
688,1,9,Y,FGFR2_HUMAN
690,2,9,Y,FGFR2_HUMAN
691,1,9,Y,FGFR2_HUMAN
693,1,9,Y,FGFR2_HUMAN
695,4,9,Y,FGFR2_HUMAN
701,2,9,Y,FGFR2_HUMAN
702,3,9,Y,FGFR2_HUMAN
708,8,9,Y,FGFR2_HUMAN
709,2,9,Y,FGFR2_HUMAN
710,2,9,Y,FGFR2_HUMAN
711,2,9,Y,FGFR2_HUMAN
714,1,9,Y,FGFR2_HUMAN
718,4,9,Y,FGFR2_HUMAN
721,1,9,Y,FGFR2_HUMAN
722,2,9,Y,FGFR2_HUMAN
727,12,9,Y,FGFR2_HUMAN
731,5,9,Y,FGFR2_HUMAN
733,1,9,Y,FGFR2_HUMAN
735,1,9,Y,FGFR2_HUMAN
737,6,9,Y,FGFR2_HUMAN
738,1,9,Y,FGFR2_HUMAN
744,2,9,Y,FGFR2_HUMAN
745,1,9,Y,FGFR2_HUMAN
746,2,9,Y,FGFR2_HUMAN
748,1,9,Y,FGFR2_HUMAN
749,1,9,Y,FGFR2_HUMAN
756,1,9,Y,FGFR2_HUMAN
757,1,9,Y,FGFR2_HUMAN
758,2,9,Y,FGFR2_HUMAN
759,4,9,Y,FGFR2_HUMAN
456,1,10,Y,FGFR3_HUMAN
460,1,10,Y,FGFR3_HUMAN
462,2,10,Y,FGFR3_HUMAN
466,1,10,Y,FGFR3_HUMAN
469,3,10,Y,FGFR3_HUMAN
470,1,10,Y,FGFR3_HUMAN
472,1,10,Y,FGFR3_HUMAN
475,1,10,Y,FGFR3_HUMAN
476,1,10,Y,FGFR3_HUMAN
477,1,10,Y,FGFR3_HUMAN
478,1,10,Y,FGFR3_HUMAN
480,1,10,Y,FGFR3_HUMAN
481,1,10,Y,FGFR3_HUMAN
482,1,10,Y,FGFR3_HUMAN
487,1,10,Y,FGFR3_HUMAN
489,2,10,Y,FGFR3_HUMAN
490,2,10,Y,FGFR3_HUMAN
491,1,10,Y,FGFR3_HUMAN
496,2,10,Y,FGFR3_HUMAN
498,1,10,Y,FGFR3_HUMAN
500,5,10,Y,FGFR3_HUMAN
501,1,10,Y,FGFR3_HUMAN
505,2,10,Y,FGFR3_HUMAN
506,2,10,Y,FGFR3_HUMAN
507,2,10,Y,FGFR3_HUMAN
508,1,10,Y,FGFR3_HUMAN
512,1,10,Y,FGFR3_HUMAN
513,4,10,Y,FGFR3_HUMAN
517,1,10,Y,FGFR3_HUMAN
526,1,10,Y,FGFR3_HUMAN
528,5,10,Y,FGFR3_HUMAN
529,1,10,Y,FGFR3_HUMAN
530,1,10,Y,FGFR3_HUMAN
532,2,10,Y,FGFR3_HUMAN
533,1,10,Y,FGFR3_HUMAN
536,1,10,Y,FGFR3_HUMAN
538,2,10,Y,FGFR3_HUMAN
540,1,10,Y,FGFR3_HUMAN
544,2,10,Y,FGFR3_HUMAN
549,1,10,Y,FGFR3_HUMAN
553,1,10,Y,FGFR3_HUMAN
555,1,10,Y,FGFR3_HUMAN
558,1,10,Y,FGFR3_HUMAN
559,2,10,Y,FGFR3_HUMAN
561,1,10,Y,FGFR3_HUMAN
563,1,10,Y,FGFR3_HUMAN
564,1,10,Y,FGFR3_HUMAN
565,1,10,Y,FGFR3_HUMAN
569,4,10,Y,FGFR3_HUMAN
571,1,10,Y,FGFR3_HUMAN
572,1,10,Y,FGFR3_HUMAN
573,2,10,Y,FGFR3_HUMAN
576,2,10,Y,FGFR3_HUMAN
585,12,10,Y,FGFR3_HUMAN
586,1,10,Y,FGFR3_HUMAN
601,1,10,Y,FGFR3_HUMAN
603,3,10,Y,FGFR3_HUMAN
608,1,10,Y,FGFR3_HUMAN
609,1,10,Y,FGFR3_HUMAN
611,2,10,Y,FGFR3_HUMAN
614,1,10,Y,FGFR3_HUMAN
616,1,10,Y,FGFR3_HUMAN
617,1,10,Y,FGFR3_HUMAN
621,2,10,Y,FGFR3_HUMAN
627,2,10,Y,FGFR3_HUMAN
630,3,10,Y,FGFR3_HUMAN
633,1,10,Y,FGFR3_HUMAN
634,19,10,Y,FGFR3_HUMAN
635,1,10,Y,FGFR3_HUMAN
637,2,10,Y,FGFR3_HUMAN
639,2,10,Y,FGFR3_HUMAN
640,4,10,Y,FGFR3_HUMAN
641,5,10,Y,FGFR3_HUMAN
642,1,10,Y,FGFR3_HUMAN
643,3,10,Y,FGFR3_HUMAN
644,4,10,Y,FGFR3_HUMAN
645,1,10,Y,FGFR3_HUMAN
646,3,10,Y,FGFR3_HUMAN
650,219,10,Y,FGFR3_HUMAN
651,3,10,Y,FGFR3_HUMAN
652,2,10,Y,FGFR3_HUMAN
653,2,10,Y,FGFR3_HUMAN
655,2,10,Y,FGFR3_HUMAN
657,1,10,Y,FGFR3_HUMAN
662,2,10,Y,FGFR3_HUMAN
665,1,10,Y,FGFR3_HUMAN
666,1,10,Y,FGFR3_HUMAN
669,3,10,Y,FGFR3_HUMAN
670,1,10,Y,FGFR3_HUMAN
677,4,10,Y,FGFR3_HUMAN
679,3,10,Y,FGFR3_HUMAN
682,20,10,Y,FGFR3_HUMAN
686,2,10,Y,FGFR3_HUMAN
689,3,10,Y,FGFR3_HUMAN
691,4,10,Y,FGFR3_HUMAN
693,4,10,Y,FGFR3_HUMAN
694,2,10,Y,FGFR3_HUMAN
696,2,10,Y,FGFR3_HUMAN
697,46,10,Y,FGFR3_HUMAN
699,5,10,Y,FGFR3_HUMAN
703,1,10,Y,FGFR3_HUMAN
709,3,10,Y,FGFR3_HUMAN
710,2,10,Y,FGFR3_HUMAN
711,4,10,Y,FGFR3_HUMAN
712,2,10,Y,FGFR3_HUMAN
715,2,10,Y,FGFR3_HUMAN
716,8,10,Y,FGFR3_HUMAN
717,2,10,Y,FGFR3_HUMAN
718,2,10,Y,FGFR3_HUMAN
719,1,10,Y,FGFR3_HUMAN
720,2,10,Y,FGFR3_HUMAN
721,2,10,Y,FGFR3_HUMAN
722,2,10,Y,FGFR3_HUMAN
723,1,10,Y,FGFR3_HUMAN
725,1,10,Y,FGFR3_HUMAN
728,4,10,Y,FGFR3_HUMAN
730,1,10,Y,FGFR3_HUMAN
731,2,10,Y,FGFR3_HUMAN
732,1,10,Y,FGFR3_HUMAN
733,2,10,Y,FGFR3_HUMAN
735,1,10,Y,FGFR3_HUMAN
736,1,10,Y,FGFR3_HUMAN
739,2,10,Y,FGFR3_HUMAN
742,1,10,Y,FGFR3_HUMAN
747,1,10,Y,FGFR3_HUMAN
749,1,10,Y,FGFR3_HUMAN
447,1,11,Y,FGFR4_HUMAN
448,1,11,Y,FGFR4_HUMAN
449,1,11,Y,FGFR4_HUMAN
450,2,11,Y,FGFR4_HUMAN
451,1,11,Y,FGFR4_HUMAN
464,3,11,Y,FGFR4_HUMAN
465,4,11,Y,FGFR4_HUMAN
467,2,11,Y,FGFR4_HUMAN
470,2,11,Y,FGFR4_HUMAN
472,1,11,Y,FGFR4_HUMAN
475,2,11,Y,FGFR4_HUMAN
476,1,11,Y,FGFR4_HUMAN
479,1,11,Y,FGFR4_HUMAN
483,1,11,Y,FGFR4_HUMAN
484,4,11,Y,FGFR4_HUMAN
488,1,11,Y,FGFR4_HUMAN
489,1,11,Y,FGFR4_HUMAN
501,2,11,Y,FGFR4_HUMAN
502,2,11,Y,FGFR4_HUMAN
507,1,11,Y,FGFR4_HUMAN
508,1,11,Y,FGFR4_HUMAN
509,1,11,Y,FGFR4_HUMAN
510,2,11,Y,FGFR4_HUMAN
511,1,11,Y,FGFR4_HUMAN
513,1,11,Y,FGFR4_HUMAN
516,2,11,Y,FGFR4_HUMAN
522,1,11,Y,FGFR4_HUMAN
528,1,11,Y,FGFR4_HUMAN
535,24,11,Y,FGFR4_HUMAN
539,1,11,Y,FGFR4_HUMAN
540,1,11,Y,FGFR4_HUMAN
544,1,11,Y,FGFR4_HUMAN
548,4,11,Y,FGFR4_HUMAN
550,49,11,Y,FGFR4_HUMAN
552,2,11,Y,FGFR4_HUMAN
553,4,11,Y,FGFR4_HUMAN
554,1,11,Y,FGFR4_HUMAN
556,1,11,Y,FGFR4_HUMAN
559,1,11,Y,FGFR4_HUMAN
560,1,11,Y,FGFR4_HUMAN
561,1,11,Y,FGFR4_HUMAN
563,6,11,Y,FGFR4_HUMAN
565,5,11,Y,FGFR4_HUMAN
566,1,11,Y,FGFR4_HUMAN
568,2,11,Y,FGFR4_HUMAN
583,1,11,Y,FGFR4_HUMAN
585,1,11,Y,FGFR4_HUMAN
587,3,11,Y,FGFR4_HUMAN
590,6,11,Y,FGFR4_HUMAN
591,2,11,Y,FGFR4_HUMAN
593,1,11,Y,FGFR4_HUMAN
598,2,11,Y,FGFR4_HUMAN
606,2,11,Y,FGFR4_HUMAN
611,2,11,Y,FGFR4_HUMAN
614,1,11,Y,FGFR4_HUMAN
616,4,11,Y,FGFR4_HUMAN
622,3,11,Y,FGFR4_HUMAN
629,1,11,Y,FGFR4_HUMAN
631,3,11,Y,FGFR4_HUMAN
634,4,11,Y,FGFR4_HUMAN
652,2,11,Y,FGFR4_HUMAN
655,1,11,Y,FGFR4_HUMAN
657,1,11,Y,FGFR4_HUMAN
659,2,11,Y,FGFR4_HUMAN
663,1,11,Y,FGFR4_HUMAN
664,2,11,Y,FGFR4_HUMAN
665,1,11,Y,FGFR4_HUMAN
667,1,11,Y,FGFR4_HUMAN
669,1,11,Y,FGFR4_HUMAN
671,1,11,Y,FGFR4_HUMAN
672,3,11,Y,FGFR4_HUMAN
676,1,11,Y,FGFR4_HUMAN
681,6,11,Y,FGFR4_HUMAN
684,9,11,Y,FGFR4_HUMAN
685,2,11,Y,FGFR4_HUMAN
686,3,11,Y,FGFR4_HUMAN
689,4,11,Y,FGFR4_HUMAN
694,5,11,Y,FGFR4_HUMAN
695,1,11,Y,FGFR4_HUMAN
697,2,11,Y,FGFR4_HUMAN
699,1,11,Y,FGFR4_HUMAN
700,2,11,Y,FGFR4_HUMAN
703,2,11,Y,FGFR4_HUMAN
707,4,11,Y,FGFR4_HUMAN
708,1,11,Y,FGFR4_HUMAN
709,1,11,Y,FGFR4_HUMAN
710,2,11,Y,FGFR4_HUMAN
711,1,11,Y,FGFR4_HUMAN
712,5,11,Y,FGFR4_HUMAN
713,4,11,Y,FGFR4_HUMAN
719,1,11,Y,FGFR4_HUMAN
720,2,11,Y,FGFR4_HUMAN
723,5,11,Y,FGFR4_HUMAN
728,3,11,Y,FGFR4_HUMAN
729,2,11,Y,FGFR4_HUMAN
733,3,11,Y,FGFR4_HUMAN
736,2,11,Y,FGFR4_HUMAN
741,1,11,Y,FGFR4_HUMAN
749,2,11,Y,FGFR4_HUMAN
1000,1,12,Y,FLT1_HUMAN
1001,1,12,Y,FLT1_HUMAN
1007,2,12,Y,FLT1_HUMAN
1008,1,12,Y,FLT1_HUMAN
1011,3,12,Y,FLT1_HUMAN
1014,1,12,Y,FLT1_HUMAN
1017,1,12,Y,FLT1_HUMAN
1018,1,12,Y,FLT1_HUMAN
1019,1,12,Y,FLT1_HUMAN
1020,1,12,Y,FLT1_HUMAN
1021,1,12,Y,FLT1_HUMAN
1025,2,12,Y,FLT1_HUMAN
1029,2,12,Y,FLT1_HUMAN
1032,1,12,Y,FLT1_HUMAN
1033,2,12,Y,FLT1_HUMAN
1035,1,12,Y,FLT1_HUMAN
1036,1,12,Y,FLT1_HUMAN
1039,2,12,Y,FLT1_HUMAN
1040,3,12,Y,FLT1_HUMAN
1042,1,12,Y,FLT1_HUMAN
1045,1,12,Y,FLT1_HUMAN
1046,1,12,Y,FLT1_HUMAN
1050,1,12,Y,FLT1_HUMAN
1051,2,12,Y,FLT1_HUMAN
1052,6,12,Y,FLT1_HUMAN
1055,3,12,Y,FLT1_HUMAN
1061,2,12,Y,FLT1_HUMAN
1062,2,12,Y,FLT1_HUMAN
1063,1,12,Y,FLT1_HUMAN
1066,1,12,Y,FLT1_HUMAN
1068,2,12,Y,FLT1_HUMAN
1070,2,12,Y,FLT1_HUMAN
1071,2,12,Y,FLT1_HUMAN
1073,1,12,Y,FLT1_HUMAN
1078,1,12,Y,FLT1_HUMAN
1079,2,12,Y,FLT1_HUMAN
1080,3,12,Y,FLT1_HUMAN
1081,3,12,Y,FLT1_HUMAN
1082,2,12,Y,FLT1_HUMAN
1083,1,12,Y,FLT1_HUMAN
1085,2,12,Y,FLT1_HUMAN
1086,3,12,Y,FLT1_HUMAN
1087,2,12,Y,FLT1_HUMAN
1090,2,12,Y,FLT1_HUMAN
1091,4,12,Y,FLT1_HUMAN
1094,1,12,Y,FLT1_HUMAN
1099,2,12,Y,FLT1_HUMAN
1101,2,12,Y,FLT1_HUMAN
1103,2,12,Y,FLT1_HUMAN
1104,2,12,Y,FLT1_HUMAN
1105,1,12,Y,FLT1_HUMAN
1106,2,12,Y,FLT1_HUMAN
1108,1,12,Y,FLT1_HUMAN
1109,1,12,Y,FLT1_HUMAN
1111,1,12,Y,FLT1_HUMAN
1112,8,12,Y,FLT1_HUMAN
1115,1,12,Y,FLT1_HUMAN
1116,1,12,Y,FLT1_HUMAN
1121,3,12,Y,FLT1_HUMAN
1122,1,12,Y,FLT1_HUMAN
1123,1,12,Y,FLT1_HUMAN
1125,4,12,Y,FLT1_HUMAN
1127,3,12,Y,FLT1_HUMAN
1129,1,12,Y,FLT1_HUMAN
1130,2,12,Y,FLT1_HUMAN
1136,1,12,Y,FLT1_HUMAN
1138,1,12,Y,FLT1_HUMAN
1139,2,12,Y,FLT1_HUMAN
1141,2,12,Y,FLT1_HUMAN
1144,1,12,Y,FLT1_HUMAN
1146,2,12,Y,FLT1_HUMAN
1147,1,12,Y,FLT1_HUMAN
1148,1,12,Y,FLT1_HUMAN
1150,3,12,Y,FLT1_HUMAN
1151,1,12,Y,FLT1_HUMAN
1152,1,12,Y,FLT1_HUMAN
1154,1,12,Y,FLT1_HUMAN
1156,1,12,Y,FLT1_HUMAN
803,1,12,Y,FLT1_HUMAN
807,2,12,Y,FLT1_HUMAN
808,1,12,Y,FLT1_HUMAN
809,3,12,Y,FLT1_HUMAN
811,2,12,Y,FLT1_HUMAN
812,7,12,Y,FLT1_HUMAN
814,2,12,Y,FLT1_HUMAN
815,1,12,Y,FLT1_HUMAN
818,1,12,Y,FLT1_HUMAN
821,2,12,Y,FLT1_HUMAN
823,2,12,Y,FLT1_HUMAN
824,4,12,Y,FLT1_HUMAN
825,2,12,Y,FLT1_HUMAN
832,1,12,Y,FLT1_HUMAN
835,2,12,Y,FLT1_HUMAN
836,1,12,Y,FLT1_HUMAN
839,1,12,Y,FLT1_HUMAN
847,1,12,Y,FLT1_HUMAN
850,1,12,Y,FLT1_HUMAN
852,1,12,Y,FLT1_HUMAN
853,2,12,Y,FLT1_HUMAN
854,5,12,Y,FLT1_HUMAN
856,3,12,Y,FLT1_HUMAN
859,4,12,Y,FLT1_HUMAN
862,2,12,Y,FLT1_HUMAN
863,1,12,Y,FLT1_HUMAN
864,1,12,Y,FLT1_HUMAN
866,1,12,Y,FLT1_HUMAN
867,1,12,Y,FLT1_HUMAN
870,2,12,Y,FLT1_HUMAN
876,4,12,Y,FLT1_HUMAN
883,1,12,Y,FLT1_HUMAN
884,1,12,Y,FLT1_HUMAN
885,2,12,Y,FLT1_HUMAN
886,1,12,Y,FLT1_HUMAN
887,2,12,Y,FLT1_HUMAN
890,1,12,Y,FLT1_HUMAN
891,4,12,Y,FLT1_HUMAN
892,1,12,Y,FLT1_HUMAN
893,1,12,Y,FLT1_HUMAN
895,1,12,Y,FLT1_HUMAN
897,1,12,Y,FLT1_HUMAN
898,2,12,Y,FLT1_HUMAN
901,1,12,Y,FLT1_HUMAN
902,1,12,Y,FLT1_HUMAN
903,1,12,Y,FLT1_HUMAN
905,3,12,Y,FLT1_HUMAN
906,1,12,Y,FLT1_HUMAN
915,1,12,Y,FLT1_HUMAN
919,1,12,Y,FLT1_HUMAN
921,1,12,Y,FLT1_HUMAN
924,1,12,Y,FLT1_HUMAN
925,2,12,Y,FLT1_HUMAN
992,1,12,Y,FLT1_HUMAN
996,2,12,Y,FLT1_HUMAN
997,1,12,Y,FLT1_HUMAN
570,1,13,Y,FLT3_HUMAN
571,4,13,Y,FLT3_HUMAN
572,7,13,Y,FLT3_HUMAN
573,4,13,Y,FLT3_HUMAN
574,2,13,Y,FLT3_HUMAN
575,3,13,Y,FLT3_HUMAN
576,15,13,Y,FLT3_HUMAN
577,4,13,Y,FLT3_HUMAN
578,5,13,Y,FLT3_HUMAN
579,4,13,Y,FLT3_HUMAN
580,2,13,Y,FLT3_HUMAN
581,1,13,Y,FLT3_HUMAN
582,1,13,Y,FLT3_HUMAN
583,5,13,Y,FLT3_HUMAN
584,2,13,Y,FLT3_HUMAN
586,1,13,Y,FLT3_HUMAN
588,4,13,Y,FLT3_HUMAN
589,3,13,Y,FLT3_HUMAN
590,2,13,Y,FLT3_HUMAN
591,3,13,Y,FLT3_HUMAN
592,18,13,Y,FLT3_HUMAN
593,3,13,Y,FLT3_HUMAN
594,12,13,Y,FLT3_HUMAN
595,1,13,Y,FLT3_HUMAN
596,1,13,Y,FLT3_HUMAN
597,4,13,Y,FLT3_HUMAN
598,7,13,Y,FLT3_HUMAN
599,6,13,Y,FLT3_HUMAN
600,1,13,Y,FLT3_HUMAN
601,6,13,Y,FLT3_HUMAN
602,1,13,Y,FLT3_HUMAN
603,1,13,Y,FLT3_HUMAN
606,1,13,Y,FLT3_HUMAN
607,1,13,Y,FLT3_HUMAN
608,1,13,Y,FLT3_HUMAN
609,2,13,Y,FLT3_HUMAN
610,1,13,Y,FLT3_HUMAN
611,1,13,Y,FLT3_HUMAN
612,1,13,Y,FLT3_HUMAN
613,1,13,Y,FLT3_HUMAN
614,1,13,Y,FLT3_HUMAN
615,2,13,Y,FLT3_HUMAN
617,9,13,Y,FLT3_HUMAN
618,4,13,Y,FLT3_HUMAN
622,2,13,Y,FLT3_HUMAN
624,1,13,Y,FLT3_HUMAN
625,2,13,Y,FLT3_HUMAN
627,5,13,Y,FLT3_HUMAN
629,1,13,Y,FLT3_HUMAN
631,1,13,Y,FLT3_HUMAN
635,1,13,Y,FLT3_HUMAN
637,1,13,Y,FLT3_HUMAN
638,4,13,Y,FLT3_HUMAN
640,1,13,Y,FLT3_HUMAN
642,1,13,Y,FLT3_HUMAN
643,2,13,Y,FLT3_HUMAN
645,1,13,Y,FLT3_HUMAN
650,1,13,Y,FLT3_HUMAN
651,1,13,Y,FLT3_HUMAN
652,2,13,Y,FLT3_HUMAN
654,1,13,Y,FLT3_HUMAN
655,2,13,Y,FLT3_HUMAN
657,1,13,Y,FLT3_HUMAN
659,3,13,Y,FLT3_HUMAN
663,10,13,Y,FLT3_HUMAN
664,6,13,Y,FLT3_HUMAN
668,1,13,Y,FLT3_HUMAN
669,2,13,Y,FLT3_HUMAN
670,1,13,Y,FLT3_HUMAN
671,1,13,Y,FLT3_HUMAN
672,2,13,Y,FLT3_HUMAN
674,2,13,Y,FLT3_HUMAN
675,2,13,Y,FLT3_HUMAN
676,54,13,Y,FLT3_HUMAN
679,2,13,Y,FLT3_HUMAN
680,26,13,Y,FLT3_HUMAN
684,5,13,Y,FLT3_HUMAN
686,1,13,Y,FLT3_HUMAN
688,1,13,Y,FLT3_HUMAN
691,9,13,Y,FLT3_HUMAN
692,2,13,Y,FLT3_HUMAN
697,1,13,Y,FLT3_HUMAN
698,1,13,Y,FLT3_HUMAN
704,2,13,Y,FLT3_HUMAN
706,1,13,Y,FLT3_HUMAN
708,5,13,Y,FLT3_HUMAN
709,1,13,Y,FLT3_HUMAN
710,1,13,Y,FLT3_HUMAN
762,3,13,Y,FLT3_HUMAN
781,1,13,Y,FLT3_HUMAN
784,1,13,Y,FLT3_HUMAN
788,1,13,Y,FLT3_HUMAN
789,1,13,Y,FLT3_HUMAN
795,2,13,Y,FLT3_HUMAN
796,1,13,Y,FLT3_HUMAN
798,3,13,Y,FLT3_HUMAN
799,1,13,Y,FLT3_HUMAN
800,6,13,Y,FLT3_HUMAN
801,1,13,Y,FLT3_HUMAN
803,1,13,Y,FLT3_HUMAN
804,1,13,Y,FLT3_HUMAN
806,3,13,Y,FLT3_HUMAN
807,1,13,Y,FLT3_HUMAN
808,1,13,Y,FLT3_HUMAN
811,1,13,Y,FLT3_HUMAN
813,5,13,Y,FLT3_HUMAN
814,8,13,Y,FLT3_HUMAN
815,3,13,Y,FLT3_HUMAN
816,2,13,Y,FLT3_HUMAN
818,1,13,Y,FLT3_HUMAN
819,3,13,Y,FLT3_HUMAN
820,2,13,Y,FLT3_HUMAN
821,1,13,Y,FLT3_HUMAN
822,7,13,Y,FLT3_HUMAN
824,1,13,Y,FLT3_HUMAN
828,2,13,Y,FLT3_HUMAN
829,1,13,Y,FLT3_HUMAN
831,4,13,Y,FLT3_HUMAN
832,6,13,Y,FLT3_HUMAN
833,1,13,Y,FLT3_HUMAN
834,5,13,Y,FLT3_HUMAN
835,1489,13,Y,FLT3_HUMAN
836,24,13,Y,FLT3_HUMAN
837,7,13,Y,FLT3_HUMAN
838,2,13,Y,FLT3_HUMAN
839,32,13,Y,FLT3_HUMAN
840,1,13,Y,FLT3_HUMAN
841,28,13,Y,FLT3_HUMAN
842,9,13,Y,FLT3_HUMAN
843,3,13,Y,FLT3_HUMAN
845,4,13,Y,FLT3_HUMAN
846,1,13,Y,FLT3_HUMAN
847,1,13,Y,FLT3_HUMAN
848,1,13,Y,FLT3_HUMAN
849,2,13,Y,FLT3_HUMAN
853,1,13,Y,FLT3_HUMAN
854,1,13,Y,FLT3_HUMAN
855,1,13,Y,FLT3_HUMAN
856,4,13,Y,FLT3_HUMAN
857,2,13,Y,FLT3_HUMAN
858,1,13,Y,FLT3_HUMAN
860,2,13,Y,FLT3_HUMAN
863,1,13,Y,FLT3_HUMAN
865,1,13,Y,FLT3_HUMAN
866,1,13,Y,FLT3_HUMAN
867,2,13,Y,FLT3_HUMAN
870,1,13,Y,FLT3_HUMAN
872,1,13,Y,FLT3_HUMAN
873,3,13,Y,FLT3_HUMAN
875,5,13,Y,FLT3_HUMAN
876,1,13,Y,FLT3_HUMAN
880,4,13,Y,FLT3_HUMAN
883,1,13,Y,FLT3_HUMAN
884,1,13,Y,FLT3_HUMAN
887,1,13,Y,FLT3_HUMAN
888,2,13,Y,FLT3_HUMAN
890,4,13,Y,FLT3_HUMAN
891,1,13,Y,FLT3_HUMAN
893,4,13,Y,FLT3_HUMAN
894,1,13,Y,FLT3_HUMAN
895,3,13,Y,FLT3_HUMAN
905,5,13,Y,FLT3_HUMAN
908,4,13,Y,FLT3_HUMAN
909,2,13,Y,FLT3_HUMAN
917,1,13,Y,FLT3_HUMAN
923,1,13,Y,FLT3_HUMAN
924,3,13,Y,FLT3_HUMAN
927,1,13,Y,FLT3_HUMAN
931,1,13,Y,FLT3_HUMAN
936,1,13,Y,FLT3_HUMAN
937,3,13,Y,FLT3_HUMAN
939,1,13,Y,FLT3_HUMAN
941,6,13,Y,FLT3_HUMAN
946,1,13,Y,FLT3_HUMAN
947,1,13,Y,FLT3_HUMAN
1000,2,14,Y,IGF1R_HUMAN
1001,2,14,Y,IGF1R_HUMAN
1003,6,14,Y,IGF1R_HUMAN
1004,1,14,Y,IGF1R_HUMAN
1012,4,14,Y,IGF1R_HUMAN
1017,1,14,Y,IGF1R_HUMAN
1018,1,14,Y,IGF1R_HUMAN
1026,1,14,Y,IGF1R_HUMAN
1032,1,14,Y,IGF1R_HUMAN
1037,2,14,Y,IGF1R_HUMAN
1038,1,14,Y,IGF1R_HUMAN
1039,1,14,Y,IGF1R_HUMAN
1042,2,14,Y,IGF1R_HUMAN
1043,2,14,Y,IGF1R_HUMAN
1044,1,14,Y,IGF1R_HUMAN
1046,1,14,Y,IGF1R_HUMAN
1047,1,14,Y,IGF1R_HUMAN
1049,2,14,Y,IGF1R_HUMAN
1050,1,14,Y,IGF1R_HUMAN
1051,1,14,Y,IGF1R_HUMAN
1052,1,14,Y,IGF1R_HUMAN
1053,1,14,Y,IGF1R_HUMAN
1056,1,14,Y,IGF1R_HUMAN
1058,1,14,Y,IGF1R_HUMAN
1061,2,14,Y,IGF1R_HUMAN
1066,1,14,Y,IGF1R_HUMAN
1067,1,14,Y,IGF1R_HUMAN
1075,2,14,Y,IGF1R_HUMAN
1077,1,14,Y,IGF1R_HUMAN
1082,1,14,Y,IGF1R_HUMAN
1084,2,14,Y,IGF1R_HUMAN
1085,1,14,Y,IGF1R_HUMAN
1086,2,14,Y,IGF1R_HUMAN
1089,3,14,Y,IGF1R_HUMAN
1092,3,14,Y,IGF1R_HUMAN
1095,1,14,Y,IGF1R_HUMAN
1097,1,14,Y,IGF1R_HUMAN
1101,1,14,Y,IGF1R_HUMAN
1105,1,14,Y,IGF1R_HUMAN
1111,1,14,Y,IGF1R_HUMAN
1112,1,14,Y,IGF1R_HUMAN
1120,1,14,Y,IGF1R_HUMAN
1126,2,14,Y,IGF1R_HUMAN
1127,1,14,Y,IGF1R_HUMAN
1128,2,14,Y,IGF1R_HUMAN
1132,3,14,Y,IGF1R_HUMAN
1134,1,14,Y,IGF1R_HUMAN
1137,1,14,Y,IGF1R_HUMAN
1138,1,14,Y,IGF1R_HUMAN
1145,3,14,Y,IGF1R_HUMAN
1146,2,14,Y,IGF1R_HUMAN
1150,1,14,Y,IGF1R_HUMAN
1151,2,14,Y,IGF1R_HUMAN
1153,1,14,Y,IGF1R_HUMAN
1154,1,14,Y,IGF1R_HUMAN
1155,1,14,Y,IGF1R_HUMAN
1157,1,14,Y,IGF1R_HUMAN
1161,1,14,Y,IGF1R_HUMAN
1162,1,14,Y,IGF1R_HUMAN
1163,1,14,Y,IGF1R_HUMAN
1167,3,14,Y,IGF1R_HUMAN
1176,1,14,Y,IGF1R_HUMAN
1177,2,14,Y,IGF1R_HUMAN
1181,1,14,Y,IGF1R_HUMAN
1183,1,14,Y,IGF1R_HUMAN
1190,1,14,Y,IGF1R_HUMAN
1193,1,14,Y,IGF1R_HUMAN
1197,2,14,Y,IGF1R_HUMAN
1199,1,14,Y,IGF1R_HUMAN
1201,2,14,Y,IGF1R_HUMAN
1203,2,14,Y,IGF1R_HUMAN
1206,3,14,Y,IGF1R_HUMAN
1209,2,14,Y,IGF1R_HUMAN
1210,1,14,Y,IGF1R_HUMAN
1214,1,14,Y,IGF1R_HUMAN
1218,1,14,Y,IGF1R_HUMAN
1219,1,14,Y,IGF1R_HUMAN
1221,1,14,Y,IGF1R_HUMAN
1222,1,14,Y,IGF1R_HUMAN
1223,2,14,Y,IGF1R_HUMAN
1225,1,14,Y,IGF1R_HUMAN
1226,1,14,Y,IGF1R_HUMAN
1227,1,14,Y,IGF1R_HUMAN
1228,1,14,Y,IGF1R_HUMAN
1238,1,14,Y,IGF1R_HUMAN
1241,1,14,Y,IGF1R_HUMAN
1246,4,14,Y,IGF1R_HUMAN
1250,1,14,Y,IGF1R_HUMAN
1252,2,14,Y,IGF1R_HUMAN
1253,2,14,Y,IGF1R_HUMAN
1255,2,14,Y,IGF1R_HUMAN
1257,1,14,Y,IGF1R_HUMAN
1258,2,14,Y,IGF1R_HUMAN
1259,1,14,Y,IGF1R_HUMAN
1268,1,14,Y,IGF1R_HUMAN
1270,2,14,Y,IGF1R_HUMAN
1272,1,14,Y,IGF1R_HUMAN
1275,4,14,Y,IGF1R_HUMAN
1276,1,14,Y,IGF1R_HUMAN
1282,4,14,Y,IGF1R_HUMAN
1283,1,14,Y,IGF1R_HUMAN
1284,1,14,Y,IGF1R_HUMAN
1285,1,14,Y,IGF1R_HUMAN
985,1,14,Y,IGF1R_HUMAN
995,1,14,Y,IGF1R_HUMAN
996,2,14,Y,IGF1R_HUMAN
997,1,14,Y,IGF1R_HUMAN
1012,4,15,Y,INSR_HUMAN
1015,1,15,Y,INSR_HUMAN
1017,1,15,Y,INSR_HUMAN
1019,1,15,Y,INSR_HUMAN
1020,2,15,Y,INSR_HUMAN
1023,1,15,Y,INSR_HUMAN
1028,2,15,Y,INSR_HUMAN
1031,2,15,Y,INSR_HUMAN
1033,1,15,Y,INSR_HUMAN
1041,1,15,Y,INSR_HUMAN
1046,1,15,Y,INSR_HUMAN
1047,1,15,Y,INSR_HUMAN
1050,1,15,Y,INSR_HUMAN
1053,1,15,Y,INSR_HUMAN
1055,2,15,Y,INSR_HUMAN
1058,2,15,Y,INSR_HUMAN
1059,1,15,Y,INSR_HUMAN
1065,2,15,Y,INSR_HUMAN
1066,1,15,Y,INSR_HUMAN
1068,3,15,Y,INSR_HUMAN
1076,1,15,Y,INSR_HUMAN
1080,3,15,Y,INSR_HUMAN
1086,2,15,Y,INSR_HUMAN
1090,1,15,Y,INSR_HUMAN
1092,1,15,Y,INSR_HUMAN
1094,1,15,Y,INSR_HUMAN
1095,1,15,Y,INSR_HUMAN
1096,2,15,Y,INSR_HUMAN
1099,2,15,Y,INSR_HUMAN
1108,1,15,Y,INSR_HUMAN
1116,2,15,Y,INSR_HUMAN
1119,1,15,Y,INSR_HUMAN
1120,1,15,Y,INSR_HUMAN
1121,2,15,Y,INSR_HUMAN
1123,2,15,Y,INSR_HUMAN
1128,2,15,Y,INSR_HUMAN
1129,1,15,Y,INSR_HUMAN
1130,3,15,Y,INSR_HUMAN
1131,1,15,Y,INSR_HUMAN
1133,1,15,Y,INSR_HUMAN
1136,1,15,Y,INSR_HUMAN
1140,2,15,Y,INSR_HUMAN
1152,1,15,Y,INSR_HUMAN
1157,2,15,Y,INSR_HUMAN
1162,1,15,Y,INSR_HUMAN
1172,1,15,Y,INSR_HUMAN
1176,1,15,Y,INSR_HUMAN
1179,1,15,Y,INSR_HUMAN
1182,1,15,Y,INSR_HUMAN
1186,1,15,Y,INSR_HUMAN
1187,1,15,Y,INSR_HUMAN
1190,1,15,Y,INSR_HUMAN
1191,3,15,Y,INSR_HUMAN
1199,1,15,Y,INSR_HUMAN
1201,1,15,Y,INSR_HUMAN
1203,1,15,Y,INSR_HUMAN
1204,2,15,Y,INSR_HUMAN
1205,1,15,Y,INSR_HUMAN
1207,1,15,Y,INSR_HUMAN
1211,2,15,Y,INSR_HUMAN
1215,1,15,Y,INSR_HUMAN
1216,1,15,Y,INSR_HUMAN
1218,1,15,Y,INSR_HUMAN
1221,2,15,Y,INSR_HUMAN
1223,2,15,Y,INSR_HUMAN
1227,1,15,Y,INSR_HUMAN
1238,1,15,Y,INSR_HUMAN
1239,1,15,Y,INSR_HUMAN
1241,2,15,Y,INSR_HUMAN
1251,1,15,Y,INSR_HUMAN
1253,1,15,Y,INSR_HUMAN
1255,1,15,Y,INSR_HUMAN
1257,1,15,Y,INSR_HUMAN
1259,1,15,Y,INSR_HUMAN
1260,1,15,Y,INSR_HUMAN
1263,1,15,Y,INSR_HUMAN
1266,1,15,Y,INSR_HUMAN
1267,1,15,Y,INSR_HUMAN
1270,8,15,Y,INSR_HUMAN
1272,1,15,Y,INSR_HUMAN
1276,1,15,Y,INSR_HUMAN
1281,1,15,Y,INSR_HUMAN
1285,1,15,Y,INSR_HUMAN
1287,1,15,Y,INSR_HUMAN
1293,4,15,Y,INSR_HUMAN
1295,1,15,Y,INSR_HUMAN
1297,1,15,Y,INSR_HUMAN
1298,1,15,Y,INSR_HUMAN
1299,3,15,Y,INSR_HUMAN
1300,1,15,Y,INSR_HUMAN
1308,1,15,Y,INSR_HUMAN
1005,1,16,Y,KDR_HUMAN
1006,1,16,Y,KDR_HUMAN
1009,1,16,Y,KDR_HUMAN
1010,1,16,Y,KDR_HUMAN
1012,2,16,Y,KDR_HUMAN
1015,3,16,Y,KDR_HUMAN
1016,2,16,Y,KDR_HUMAN
1017,1,16,Y,KDR_HUMAN
1021,5,16,Y,KDR_HUMAN
1022,5,16,Y,KDR_HUMAN
1023,1,16,Y,KDR_HUMAN
1028,1,16,Y,KDR_HUMAN
1030,2,16,Y,KDR_HUMAN
1031,1,16,Y,KDR_HUMAN
1032,25,16,Y,KDR_HUMAN
1035,2,16,Y,KDR_HUMAN
1037,8,16,Y,KDR_HUMAN
1038,1,16,Y,KDR_HUMAN
1041,5,16,Y,KDR_HUMAN
1042,2,16,Y,KDR_HUMAN
1044,1,16,Y,KDR_HUMAN
1045,1,16,Y,KDR_HUMAN
1048,2,16,Y,KDR_HUMAN
1049,1,16,Y,KDR_HUMAN
1050,1,16,Y,KDR_HUMAN
1051,3,16,Y,KDR_HUMAN
1052,7,16,Y,KDR_HUMAN
1053,1,16,Y,KDR_HUMAN
1055,1,16,Y,KDR_HUMAN
1056,4,16,Y,KDR_HUMAN
1057,1,16,Y,KDR_HUMAN
1063,5,16,Y,KDR_HUMAN
1064,2,16,Y,KDR_HUMAN
1065,8,16,Y,KDR_HUMAN
1066,11,16,Y,KDR_HUMAN
1072,2,16,Y,KDR_HUMAN
1073,1,16,Y,KDR_HUMAN
1074,1,16,Y,KDR_HUMAN
1077,2,16,Y,KDR_HUMAN
1081,1,16,Y,KDR_HUMAN
1082,1,16,Y,KDR_HUMAN
1086,1,16,Y,KDR_HUMAN
1088,2,16,Y,KDR_HUMAN
1090,1,16,Y,KDR_HUMAN
1092,1,16,Y,KDR_HUMAN
1093,1,16,Y,KDR_HUMAN
1096,1,16,Y,KDR_HUMAN
1097,5,16,Y,KDR_HUMAN
1099,1,16,Y,KDR_HUMAN
1100,12,16,Y,KDR_HUMAN
1102,2,16,Y,KDR_HUMAN
1103,2,16,Y,KDR_HUMAN
1104,1,16,Y,KDR_HUMAN
1105,3,16,Y,KDR_HUMAN
1107,3,16,Y,KDR_HUMAN
1108,3,16,Y,KDR_HUMAN
1110,1,16,Y,KDR_HUMAN
1111,1,16,Y,KDR_HUMAN
1112,1,16,Y,KDR_HUMAN
1114,1,16,Y,KDR_HUMAN
1117,2,16,Y,KDR_HUMAN
1118,4,16,Y,KDR_HUMAN
1121,1,16,Y,KDR_HUMAN
1122,2,16,Y,KDR_HUMAN
1124,1,16,Y,KDR_HUMAN
1126,3,16,Y,KDR_HUMAN
1128,1,16,Y,KDR_HUMAN
1129,2,16,Y,KDR_HUMAN
1130,2,16,Y,KDR_HUMAN
1133,2,16,Y,KDR_HUMAN
1134,2,16,Y,KDR_HUMAN
1135,2,16,Y,KDR_HUMAN
1137,1,16,Y,KDR_HUMAN
1138,3,16,Y,KDR_HUMAN
1139,1,16,Y,KDR_HUMAN
1140,2,16,Y,KDR_HUMAN
1141,1,16,Y,KDR_HUMAN
1142,1,16,Y,KDR_HUMAN
1144,3,16,Y,KDR_HUMAN
1145,12,16,Y,KDR_HUMAN
1150,2,16,Y,KDR_HUMAN
1152,1,16,Y,KDR_HUMAN
1153,1,16,Y,KDR_HUMAN
1154,2,16,Y,KDR_HUMAN
1155,2,16,Y,KDR_HUMAN
1158,1,16,Y,KDR_HUMAN
1161,11,16,Y,KDR_HUMAN
808,3,16,Y,KDR_HUMAN
812,1,16,Y,KDR_HUMAN
814,1,16,Y,KDR_HUMAN
815,2,16,Y,KDR_HUMAN
816,1,16,Y,KDR_HUMAN
819,1,16,Y,KDR_HUMAN
821,2,16,Y,KDR_HUMAN
822,1,16,Y,KDR_HUMAN
823,1,16,Y,KDR_HUMAN
825,1,16,Y,KDR_HUMAN
828,1,16,Y,KDR_HUMAN
830,1,16,Y,KDR_HUMAN
832,5,16,Y,KDR_HUMAN
833,2,16,Y,KDR_HUMAN
835,1,16,Y,KDR_HUMAN
837,2,16,Y,KDR_HUMAN
840,2,16,Y,KDR_HUMAN
841,1,16,Y,KDR_HUMAN
842,6,16,Y,KDR_HUMAN
843,2,16,Y,KDR_HUMAN
844,1,16,Y,KDR_HUMAN
846,1,16,Y,KDR_HUMAN
853,3,16,Y,KDR_HUMAN
855,1,16,Y,KDR_HUMAN
857,2,16,Y,KDR_HUMAN
860,2,16,Y,KDR_HUMAN
861,1,16,Y,KDR_HUMAN
862,1,16,Y,KDR_HUMAN
863,2,16,Y,KDR_HUMAN
864,2,16,Y,KDR_HUMAN
865,1,16,Y,KDR_HUMAN
866,1,16,Y,KDR_HUMAN
868,1,16,Y,KDR_HUMAN
869,1,16,Y,KDR_HUMAN
870,1,16,Y,KDR_HUMAN
873,1,16,Y,KDR_HUMAN
874,2,16,Y,KDR_HUMAN
875,1,16,Y,KDR_HUMAN
876,2,16,Y,KDR_HUMAN
877,2,16,Y,KDR_HUMAN
878,2,16,Y,KDR_HUMAN
879,2,16,Y,KDR_HUMAN
880,2,16,Y,KDR_HUMAN
882,3,16,Y,KDR_HUMAN
886,1,16,Y,KDR_HUMAN
889,1,16,Y,KDR_HUMAN
890,1,16,Y,KDR_HUMAN
891,2,16,Y,KDR_HUMAN
893,3,16,Y,KDR_HUMAN
895,1,16,Y,KDR_HUMAN
896,1,16,Y,KDR_HUMAN
897,1,16,Y,KDR_HUMAN
898,2,16,Y,KDR_HUMAN
899,1,16,Y,KDR_HUMAN
900,1,16,Y,KDR_HUMAN
901,1,16,Y,KDR_HUMAN
903,1,16,Y,KDR_HUMAN
905,1,16,Y,KDR_HUMAN
907,1,16,Y,KDR_HUMAN
909,2,16,Y,KDR_HUMAN
913,1,16,Y,KDR_HUMAN
916,1,16,Y,KDR_HUMAN
921,1,16,Y,KDR_HUMAN
924,1,16,Y,KDR_HUMAN
925,3,16,Y,KDR_HUMAN
926,1,16,Y,KDR_HUMAN
929,2,16,Y,KDR_HUMAN
932,3,16,Y,KDR_HUMAN
933,1,16,Y,KDR_HUMAN
934,1,16,Y,KDR_HUMAN
937,7,16,Y,KDR_HUMAN
938,1,16,Y,KDR_HUMAN
997,2,16,Y,KDR_HUMAN
998,1,16,Y,KDR_HUMAN
545,1,17,Y,KIT_HUMAN
546,1,17,Y,KIT_HUMAN
547,1,17,Y,KIT_HUMAN
550,5,17,Y,KIT_HUMAN
551,18,17,Y,KIT_HUMAN
552,15,17,Y,KIT_HUMAN
553,15,17,Y,KIT_HUMAN
554,8,17,Y,KIT_HUMAN
555,8,17,Y,KIT_HUMAN
556,6,17,Y,KIT_HUMAN
557,258,17,Y,KIT_HUMAN
558,29,17,Y,KIT_HUMAN
559,451,17,Y,KIT_HUMAN
560,280,17,Y,KIT_HUMAN
561,15,17,Y,KIT_HUMAN
562,13,17,Y,KIT_HUMAN
563,3,17,Y,KIT_HUMAN
564,5,17,Y,KIT_HUMAN
565,11,17,Y,KIT_HUMAN
566,9,17,Y,KIT_HUMAN
567,7,17,Y,KIT_HUMAN
568,11,17,Y,KIT_HUMAN
569,8,17,Y,KIT_HUMAN
570,2,17,Y,KIT_HUMAN
571,5,17,Y,KIT_HUMAN
572,17,17,Y,KIT_HUMAN
573,12,17,Y,KIT_HUMAN
574,4,17,Y,KIT_HUMAN
575,1,17,Y,KIT_HUMAN
576,283,17,Y,KIT_HUMAN
577,15,17,Y,KIT_HUMAN
578,5,17,Y,KIT_HUMAN
579,7,17,Y,KIT_HUMAN
580,4,17,Y,KIT_HUMAN
581,2,17,Y,KIT_HUMAN
582,1,17,Y,KIT_HUMAN
583,4,17,Y,KIT_HUMAN
584,5,17,Y,KIT_HUMAN
585,3,17,Y,KIT_HUMAN
586,5,17,Y,KIT_HUMAN
587,1,17,Y,KIT_HUMAN
588,1,17,Y,KIT_HUMAN
589,2,17,Y,KIT_HUMAN
590,4,17,Y,KIT_HUMAN
591,2,17,Y,KIT_HUMAN
594,2,17,Y,KIT_HUMAN
596,1,17,Y,KIT_HUMAN
597,1,17,Y,KIT_HUMAN
598,2,17,Y,KIT_HUMAN
599,1,17,Y,KIT_HUMAN
601,2,17,Y,KIT_HUMAN
603,1,17,Y,KIT_HUMAN
605,4,17,Y,KIT_HUMAN
607,2,17,Y,KIT_HUMAN
608,1,17,Y,KIT_HUMAN
610,1,17,Y,KIT_HUMAN
612,1,17,Y,KIT_HUMAN
613,2,17,Y,KIT_HUMAN
616,3,17,Y,KIT_HUMAN
617,4,17,Y,KIT_HUMAN
618,2,17,Y,KIT_HUMAN
620,1,17,Y,KIT_HUMAN
621,2,17,Y,KIT_HUMAN
623,3,17,Y,KIT_HUMAN
627,6,17,Y,KIT_HUMAN
628,3,17,Y,KIT_HUMAN
629,2,17,Y,KIT_HUMAN
630,3,17,Y,KIT_HUMAN
631,1,17,Y,KIT_HUMAN
632,4,17,Y,KIT_HUMAN
633,1,17,Y,KIT_HUMAN
634,15,17,Y,KIT_HUMAN
635,2,17,Y,KIT_HUMAN
636,3,17,Y,KIT_HUMAN
637,2,17,Y,KIT_HUMAN
638,1,17,Y,KIT_HUMAN
639,3,17,Y,KIT_HUMAN
641,2,17,Y,KIT_HUMAN
642,171,17,Y,KIT_HUMAN
643,2,17,Y,KIT_HUMAN
645,1,17,Y,KIT_HUMAN
646,3,17,Y,KIT_HUMAN
647,4,17,Y,KIT_HUMAN
648,1,17,Y,KIT_HUMAN
649,1,17,Y,KIT_HUMAN
651,4,17,Y,KIT_HUMAN
653,2,17,Y,KIT_HUMAN
654,299,17,Y,KIT_HUMAN
655,16,17,Y,KIT_HUMAN
656,2,17,Y,KIT_HUMAN
658,2,17,Y,KIT_HUMAN
659,1,17,Y,KIT_HUMAN
660,1,17,Y,KIT_HUMAN
661,4,17,Y,KIT_HUMAN
663,1,17,Y,KIT_HUMAN
664,6,17,Y,KIT_HUMAN
666,1,17,Y,KIT_HUMAN
667,1,17,Y,KIT_HUMAN
668,1,17,Y,KIT_HUMAN
670,51,17,Y,KIT_HUMAN
671,1,17,Y,KIT_HUMAN
672,1,17,Y,KIT_HUMAN
675,1,17,Y,KIT_HUMAN
678,1,17,Y,KIT_HUMAN
679,4,17,Y,KIT_HUMAN
680,5,17,Y,KIT_HUMAN
681,1,17,Y,KIT_HUMAN
686,3,17,Y,KIT_HUMAN
687,2,17,Y,KIT_HUMAN
688,1,17,Y,KIT_HUMAN
691,1,17,Y,KIT_HUMAN
692,3,17,Y,KIT_HUMAN
753,2,17,Y,KIT_HUMAN
754,2,17,Y,KIT_HUMAN
755,3,17,Y,KIT_HUMAN
758,1,17,Y,KIT_HUMAN
759,1,17,Y,KIT_HUMAN
760,1,17,Y,KIT_HUMAN
761,7,17,Y,KIT_HUMAN
764,1,17,Y,KIT_HUMAN
765,3,17,Y,KIT_HUMAN
767,2,17,Y,KIT_HUMAN
768,1,17,Y,KIT_HUMAN
769,1,17,Y,KIT_HUMAN
771,1,17,Y,KIT_HUMAN
772,1,17,Y,KIT_HUMAN
773,2,17,Y,KIT_HUMAN
774,2,17,Y,KIT_HUMAN
775,1,17,Y,KIT_HUMAN
777,1,17,Y,KIT_HUMAN
778,1,17,Y,KIT_HUMAN
779,3,17,Y,KIT_HUMAN
780,1,17,Y,KIT_HUMAN
781,1,17,Y,KIT_HUMAN
783,2,17,Y,KIT_HUMAN
784,3,17,Y,KIT_HUMAN
786,2,17,Y,KIT_HUMAN
788,3,17,Y,KIT_HUMAN
789,1,17,Y,KIT_HUMAN
790,1,17,Y,KIT_HUMAN
791,1,17,Y,KIT_HUMAN
792,1,17,Y,KIT_HUMAN
793,4,17,Y,KIT_HUMAN
794,2,17,Y,KIT_HUMAN
795,1,17,Y,KIT_HUMAN
796,24,17,Y,KIT_HUMAN
797,1,17,Y,KIT_HUMAN
799,1,17,Y,KIT_HUMAN
800,1,17,Y,KIT_HUMAN
801,3,17,Y,KIT_HUMAN
802,2,17,Y,KIT_HUMAN
803,1,17,Y,KIT_HUMAN
804,15,17,Y,KIT_HUMAN
805,3,17,Y,KIT_HUMAN
806,1,17,Y,KIT_HUMAN
807,2,17,Y,KIT_HUMAN
809,17,17,Y,KIT_HUMAN
812,2,17,Y,KIT_HUMAN
813,4,17,Y,KIT_HUMAN
814,4,17,Y,KIT_HUMAN
816,2171,17,Y,KIT_HUMAN
817,5,17,Y,KIT_HUMAN
818,7,17,Y,KIT_HUMAN
819,2,17,Y,KIT_HUMAN
820,116,17,Y,KIT_HUMAN
821,4,17,Y,KIT_HUMAN
822,322,17,Y,KIT_HUMAN
823,104,17,Y,KIT_HUMAN
824,2,17,Y,KIT_HUMAN
825,31,17,Y,KIT_HUMAN
826,2,17,Y,KIT_HUMAN
827,3,17,Y,KIT_HUMAN
829,28,17,Y,KIT_HUMAN
830,1,17,Y,KIT_HUMAN
831,2,17,Y,KIT_HUMAN
833,3,17,Y,KIT_HUMAN
835,1,17,Y,KIT_HUMAN
836,4,17,Y,KIT_HUMAN
837,1,17,Y,KIT_HUMAN
839,4,17,Y,KIT_HUMAN
840,2,17,Y,KIT_HUMAN
841,1,17,Y,KIT_HUMAN
842,1,17,Y,KIT_HUMAN
843,1,17,Y,KIT_HUMAN
844,3,17,Y,KIT_HUMAN
845,3,17,Y,KIT_HUMAN
846,2,17,Y,KIT_HUMAN
847,4,17,Y,KIT_HUMAN
848,2,17,Y,KIT_HUMAN
849,1,17,Y,KIT_HUMAN
850,1,17,Y,KIT_HUMAN
852,2,17,Y,KIT_HUMAN
853,1,17,Y,KIT_HUMAN
854,1,17,Y,KIT_HUMAN
856,2,17,Y,KIT_HUMAN
858,2,17,Y,KIT_HUMAN
859,2,17,Y,KIT_HUMAN
861,1,17,Y,KIT_HUMAN
864,6,17,Y,KIT_HUMAN
866,5,17,Y,KIT_HUMAN
867,1,17,Y,KIT_HUMAN
868,1,17,Y,KIT_HUMAN
869,1,17,Y,KIT_HUMAN
871,1,17,Y,KIT_HUMAN
872,1,17,Y,KIT_HUMAN
873,1,17,Y,KIT_HUMAN
874,6,17,Y,KIT_HUMAN
876,1,17,Y,KIT_HUMAN
877,2,17,Y,KIT_HUMAN
879,1,17,Y,KIT_HUMAN
882,1,17,Y,KIT_HUMAN
885,1,17,Y,KIT_HUMAN
888,10,17,Y,KIT_HUMAN
890,1,17,Y,KIT_HUMAN
895,4,17,Y,KIT_HUMAN
898,2,17,Y,KIT_HUMAN
901,1,17,Y,KIT_HUMAN
902,2,17,Y,KIT_HUMAN
903,2,17,Y,KIT_HUMAN
906,1,17,Y,KIT_HUMAN
907,3,17,Y,KIT_HUMAN
909,1,17,Y,KIT_HUMAN
910,3,17,Y,KIT_HUMAN
911,3,17,Y,KIT_HUMAN
913,1,17,Y,KIT_HUMAN
914,2,17,Y,KIT_HUMAN
916,2,17,Y,KIT_HUMAN
917,1,17,Y,KIT_HUMAN
918,1,17,Y,KIT_HUMAN
919,3,17,Y,KIT_HUMAN
922,2,17,Y,KIT_HUMAN
923,1,17,Y,KIT_HUMAN
924,4,17,Y,KIT_HUMAN
925,1,17,Y,KIT_HUMAN
572,1,18,Y,MERTK_HUMAN
583,2,18,Y,MERTK_HUMAN
586,3,18,Y,MERTK_HUMAN
590,1,18,Y,MERTK_HUMAN
591,1,18,Y,MERTK_HUMAN
592,1,18,Y,MERTK_HUMAN
594,1,18,Y,MERTK_HUMAN
595,1,18,Y,MERTK_HUMAN
597,1,18,Y,MERTK_HUMAN
603,1,18,Y,MERTK_HUMAN
604,1,18,Y,MERTK_HUMAN
609,1,18,Y,MERTK_HUMAN
613,1,18,Y,MERTK_HUMAN
615,1,18,Y,MERTK_HUMAN
617,1,18,Y,MERTK_HUMAN
621,1,18,Y,MERTK_HUMAN
627,1,18,Y,MERTK_HUMAN
628,1,18,Y,MERTK_HUMAN
629,1,18,Y,MERTK_HUMAN
632,1,18,Y,MERTK_HUMAN
638,2,18,Y,MERTK_HUMAN
643,1,18,Y,MERTK_HUMAN
644,1,18,Y,MERTK_HUMAN
653,1,18,Y,MERTK_HUMAN
655,1,18,Y,MERTK_HUMAN
660,1,18,Y,MERTK_HUMAN
661,1,18,Y,MERTK_HUMAN
662,1,18,Y,MERTK_HUMAN
665,1,18,Y,MERTK_HUMAN
672,1,18,Y,MERTK_HUMAN
674,1,18,Y,MERTK_HUMAN
676,1,18,Y,MERTK_HUMAN
677,2,18,Y,MERTK_HUMAN
682,2,18,Y,MERTK_HUMAN
687,2,18,Y,MERTK_HUMAN
688,2,18,Y,MERTK_HUMAN
701,1,18,Y,MERTK_HUMAN
702,1,18,Y,MERTK_HUMAN
704,1,18,Y,MERTK_HUMAN
706,1,18,Y,MERTK_HUMAN
708,2,18,Y,MERTK_HUMAN
713,1,18,Y,MERTK_HUMAN
718,1,18,Y,MERTK_HUMAN
721,1,18,Y,MERTK_HUMAN
722,6,18,Y,MERTK_HUMAN
727,1,18,Y,MERTK_HUMAN
732,1,18,Y,MERTK_HUMAN
733,2,18,Y,MERTK_HUMAN
740,1,18,Y,MERTK_HUMAN
741,1,18,Y,MERTK_HUMAN
767,1,18,Y,MERTK_HUMAN
768,1,18,Y,MERTK_HUMAN
770,1,18,Y,MERTK_HUMAN
773,1,18,Y,MERTK_HUMAN
774,1,18,Y,MERTK_HUMAN
781,3,18,Y,MERTK_HUMAN
782,1,18,Y,MERTK_HUMAN
784,1,18,Y,MERTK_HUMAN
789,2,18,Y,MERTK_HUMAN
790,4,18,Y,MERTK_HUMAN
795,1,18,Y,MERTK_HUMAN
796,3,18,Y,MERTK_HUMAN
797,1,18,Y,MERTK_HUMAN
798,1,18,Y,MERTK_HUMAN
802,1,18,Y,MERTK_HUMAN
803,1,18,Y,MERTK_HUMAN
807,1,18,Y,MERTK_HUMAN
811,3,18,Y,MERTK_HUMAN
814,2,18,Y,MERTK_HUMAN
820,1,18,Y,MERTK_HUMAN
831,2,18,Y,MERTK_HUMAN
835,2,18,Y,MERTK_HUMAN
837,1,18,Y,MERTK_HUMAN
839,1,18,Y,MERTK_HUMAN
840,2,18,Y,MERTK_HUMAN
846,1,18,Y,MERTK_HUMAN
850,1,18,Y,MERTK_HUMAN
851,1,18,Y,MERTK_HUMAN
855,1,18,Y,MERTK_HUMAN
858,1,18,Y,MERTK_HUMAN
861,1,18,Y,MERTK_HUMAN
487,2,20,Y,NTRK1_HUMAN
488,2,20,Y,NTRK1_HUMAN
489,2,20,Y,NTRK1_HUMAN
500,2,20,Y,NTRK1_HUMAN
501,1,20,Y,NTRK1_HUMAN
502,3,20,Y,NTRK1_HUMAN
503,1,20,Y,NTRK1_HUMAN
507,4,20,Y,NTRK1_HUMAN
508,4,20,Y,NTRK1_HUMAN
509,1,20,Y,NTRK1_HUMAN
511,2,20,Y,NTRK1_HUMAN
512,1,20,Y,NTRK1_HUMAN
516,1,20,Y,NTRK1_HUMAN
517,4,20,Y,NTRK1_HUMAN
518,1,20,Y,NTRK1_HUMAN
519,2,20,Y,NTRK1_HUMAN
522,1,20,Y,NTRK1_HUMAN
524,1,20,Y,NTRK1_HUMAN
525,1,20,Y,NTRK1_HUMAN
526,4,20,Y,NTRK1_HUMAN
527,1,20,Y,NTRK1_HUMAN
528,1,20,Y,NTRK1_HUMAN
529,1,20,Y,NTRK1_HUMAN
530,1,20,Y,NTRK1_HUMAN
533,1,20,Y,NTRK1_HUMAN
537,2,20,Y,NTRK1_HUMAN
539,1,20,Y,NTRK1_HUMAN
540,1,20,Y,NTRK1_HUMAN
542,2,20,Y,NTRK1_HUMAN
543,1,20,Y,NTRK1_HUMAN
544,3,20,Y,NTRK1_HUMAN
545,2,20,Y,NTRK1_HUMAN
547,1,20,Y,NTRK1_HUMAN
550,3,20,Y,NTRK1_HUMAN
552,1,20,Y,NTRK1_HUMAN
553,1,20,Y,NTRK1_HUMAN
554,2,20,Y,NTRK1_HUMAN
557,2,20,Y,NTRK1_HUMAN
561,1,20,Y,NTRK1_HUMAN
566,1,20,Y,NTRK1_HUMAN
567,1,20,Y,NTRK1_HUMAN
572,1,20,Y,NTRK1_HUMAN
574,2,20,Y,NTRK1_HUMAN
578,1,20,Y,NTRK1_HUMAN
580,1,20,Y,NTRK1_HUMAN
581,4,20,Y,NTRK1_HUMAN
583,12,20,Y,NTRK1_HUMAN
584,1,20,Y,NTRK1_HUMAN
587,1,20,Y,NTRK1_HUMAN
593,2,20,Y,NTRK1_HUMAN
595,5,20,Y,NTRK1_HUMAN
596,2,20,Y,NTRK1_HUMAN
598,3,20,Y,NTRK1_HUMAN
599,3,20,Y,NTRK1_HUMAN
601,1,20,Y,NTRK1_HUMAN
602,1,20,Y,NTRK1_HUMAN
603,1,20,Y,NTRK1_HUMAN
604,2,20,Y,NTRK1_HUMAN
605,1,20,Y,NTRK1_HUMAN
606,1,20,Y,NTRK1_HUMAN
612,3,20,Y,NTRK1_HUMAN
613,6,20,Y,NTRK1_HUMAN
614,1,20,Y,NTRK1_HUMAN
615,1,20,Y,NTRK1_HUMAN
616,1,20,Y,NTRK1_HUMAN
618,1,20,Y,NTRK1_HUMAN
619,1,20,Y,NTRK1_HUMAN
620,1,20,Y,NTRK1_HUMAN
621,1,20,Y,NTRK1_HUMAN
623,1,20,Y,NTRK1_HUMAN
626,1,20,Y,NTRK1_HUMAN
627,1,20,Y,NTRK1_HUMAN
630,2,20,Y,NTRK1_HUMAN
636,3,20,Y,NTRK1_HUMAN
637,2,20,Y,NTRK1_HUMAN
640,1,20,Y,NTRK1_HUMAN
641,2,20,Y,NTRK1_HUMAN
642,2,20,Y,NTRK1_HUMAN
643,4,20,Y,NTRK1_HUMAN
644,2,20,Y,NTRK1_HUMAN
645,1,20,Y,NTRK1_HUMAN
648,1,20,Y,NTRK1_HUMAN
649,4,20,Y,NTRK1_HUMAN
650,1,20,Y,NTRK1_HUMAN
652,1,20,Y,NTRK1_HUMAN
654,7,20,Y,NTRK1_HUMAN
658,2,20,Y,NTRK1_HUMAN
659,2,20,Y,NTRK1_HUMAN
660,1,20,Y,NTRK1_HUMAN
661,4,20,Y,NTRK1_HUMAN
666,1,20,Y,NTRK1_HUMAN
668,2,20,Y,NTRK1_HUMAN
670,1,20,Y,NTRK1_HUMAN
671,2,20,Y,NTRK1_HUMAN
673,1,20,Y,NTRK1_HUMAN
679,3,20,Y,NTRK1_HUMAN
682,4,20,Y,NTRK1_HUMAN
683,2,20,Y,NTRK1_HUMAN
684,1,20,Y,NTRK1_HUMAN
685,1,20,Y,NTRK1_HUMAN
686,7,20,Y,NTRK1_HUMAN
690,2,20,Y,NTRK1_HUMAN
692,8,20,Y,NTRK1_HUMAN
695,5,20,Y,NTRK1_HUMAN
697,4,20,Y,NTRK1_HUMAN
701,1,20,Y,NTRK1_HUMAN
702,8,20,Y,NTRK1_HUMAN
703,2,20,Y,NTRK1_HUMAN
706,1,20,Y,NTRK1_HUMAN
707,2,20,Y,NTRK1_HUMAN
709,3,20,Y,NTRK1_HUMAN
710,1,20,Y,NTRK1_HUMAN
712,2,20,Y,NTRK1_HUMAN
714,1,20,Y,NTRK1_HUMAN
715,1,20,Y,NTRK1_HUMAN
716,1,20,Y,NTRK1_HUMAN
718,3,20,Y,NTRK1_HUMAN
719,1,20,Y,NTRK1_HUMAN
720,2,20,Y,NTRK1_HUMAN
724,2,20,Y,NTRK1_HUMAN
725,1,20,Y,NTRK1_HUMAN
727,1,20,Y,NTRK1_HUMAN
729,1,20,Y,NTRK1_HUMAN
735,2,20,Y,NTRK1_HUMAN
738,3,20,Y,NTRK1_HUMAN
743,3,20,Y,NTRK1_HUMAN
744,2,20,Y,NTRK1_HUMAN
747,1,20,Y,NTRK1_HUMAN
748,6,20,Y,NTRK1_HUMAN
749,2,20,Y,NTRK1_HUMAN
750,1,20,Y,NTRK1_HUMAN
754,1,20,Y,NTRK1_HUMAN
758,3,20,Y,NTRK1_HUMAN
761,8,20,Y,NTRK1_HUMAN
766,4,20,Y,NTRK1_HUMAN
767,1,20,Y,NTRK1_HUMAN
768,1,20,Y,NTRK1_HUMAN
771,1,20,Y,NTRK1_HUMAN
773,2,20,Y,NTRK1_HUMAN
775,1,20,Y,NTRK1_HUMAN
776,1,20,Y,NTRK1_HUMAN
779,2,20,Y,NTRK1_HUMAN
780,9,20,Y,NTRK1_HUMAN
783,1,20,Y,NTRK1_HUMAN
784,1,20,Y,NTRK1_HUMAN
785,2,20,Y,NTRK1_HUMAN
786,1,20,Y,NTRK1_HUMAN
789,1,20,Y,NTRK1_HUMAN
791,2,20,Y,NTRK1_HUMAN
793,1,20,Y,NTRK1_HUMAN
794,1,20,Y,NTRK1_HUMAN
528,2,21,Y,NTRK2_HUMAN
530,3,21,Y,NTRK2_HUMAN
539,1,21,Y,NTRK2_HUMAN
543,1,21,Y,NTRK2_HUMAN
546,1,21,Y,NTRK2_HUMAN
549,1,21,Y,NTRK2_HUMAN
551,1,21,Y,NTRK2_HUMAN
554,1,21,Y,NTRK2_HUMAN
559,1,21,Y,NTRK2_HUMAN
566,1,21,Y,NTRK2_HUMAN
571,1,21,Y,NTRK2_HUMAN
574,1,21,Y,NTRK2_HUMAN
576,1,21,Y,NTRK2_HUMAN
577,1,21,Y,NTRK2_HUMAN
578,1,21,Y,NTRK2_HUMAN
581,1,21,Y,NTRK2_HUMAN
582,1,21,Y,NTRK2_HUMAN
584,3,21,Y,NTRK2_HUMAN
586,1,21,Y,NTRK2_HUMAN
596,1,21,Y,NTRK2_HUMAN
598,5,21,Y,NTRK2_HUMAN
599,1,21,Y,NTRK2_HUMAN
600,2,21,Y,NTRK2_HUMAN
603,1,21,Y,NTRK2_HUMAN
606,1,21,Y,NTRK2_HUMAN
615,2,21,Y,NTRK2_HUMAN
616,1,21,Y,NTRK2_HUMAN
617,1,21,Y,NTRK2_HUMAN
618,3,21,Y,NTRK2_HUMAN
619,1,21,Y,NTRK2_HUMAN
623,1,21,Y,NTRK2_HUMAN
624,5,21,Y,NTRK2_HUMAN
627,2,21,Y,NTRK2_HUMAN
634,1,21,Y,NTRK2_HUMAN
636,4,21,Y,NTRK2_HUMAN
638,1,21,Y,NTRK2_HUMAN
646,1,21,Y,NTRK2_HUMAN
648,1,21,Y,NTRK2_HUMAN
649,2,21,Y,NTRK2_HUMAN
652,1,21,Y,NTRK2_HUMAN
653,2,21,Y,NTRK2_HUMAN
656,1,21,Y,NTRK2_HUMAN
658,1,21,Y,NTRK2_HUMAN
659,2,21,Y,NTRK2_HUMAN
660,5,21,Y,NTRK2_HUMAN
662,1,21,Y,NTRK2_HUMAN
663,1,21,Y,NTRK2_HUMAN
665,2,21,Y,NTRK2_HUMAN
666,1,21,Y,NTRK2_HUMAN
667,3,21,Y,NTRK2_HUMAN
668,1,21,Y,NTRK2_HUMAN
670,3,21,Y,NTRK2_HUMAN
672,1,21,Y,NTRK2_HUMAN
674,1,21,Y,NTRK2_HUMAN
675,2,21,Y,NTRK2_HUMAN
677,2,21,Y,NTRK2_HUMAN
678,5,21,Y,NTRK2_HUMAN
681,1,21,Y,NTRK2_HUMAN
684,2,21,Y,NTRK2_HUMAN
689,3,21,Y,NTRK2_HUMAN
691,5,21,Y,NTRK2_HUMAN
692,5,21,Y,NTRK2_HUMAN
694,3,21,Y,NTRK2_HUMAN
698,1,21,Y,NTRK2_HUMAN
700,1,21,Y,NTRK2_HUMAN
701,1,21,Y,NTRK2_HUMAN
702,3,21,Y,NTRK2_HUMAN
706,1,21,Y,NTRK2_HUMAN
709,2,21,Y,NTRK2_HUMAN
712,1,21,Y,NTRK2_HUMAN
713,1,21,Y,NTRK2_HUMAN
715,3,21,Y,NTRK2_HUMAN
716,3,21,Y,NTRK2_HUMAN
717,2,21,Y,NTRK2_HUMAN
720,2,21,Y,NTRK2_HUMAN
724,2,21,Y,NTRK2_HUMAN
725,2,21,Y,NTRK2_HUMAN
726,2,21,Y,NTRK2_HUMAN
727,1,21,Y,NTRK2_HUMAN
729,1,21,Y,NTRK2_HUMAN
730,1,21,Y,NTRK2_HUMAN
732,1,21,Y,NTRK2_HUMAN
733,1,21,Y,NTRK2_HUMAN
734,1,21,Y,NTRK2_HUMAN
737,3,21,Y,NTRK2_HUMAN
740,2,21,Y,NTRK2_HUMAN
741,1,21,Y,NTRK2_HUMAN
742,1,21,Y,NTRK2_HUMAN
743,1,21,Y,NTRK2_HUMAN
744,2,21,Y,NTRK2_HUMAN
745,1,21,Y,NTRK2_HUMAN
746,2,21,Y,NTRK2_HUMAN
747,5,21,Y,NTRK2_HUMAN
748,5,21,Y,NTRK2_HUMAN
752,1,21,Y,NTRK2_HUMAN
753,1,21,Y,NTRK2_HUMAN
754,1,21,Y,NTRK2_HUMAN
756,1,21,Y,NTRK2_HUMAN
757,2,21,Y,NTRK2_HUMAN
760,2,21,Y,NTRK2_HUMAN
761,1,21,Y,NTRK2_HUMAN
762,1,21,Y,NTRK2_HUMAN
763,2,21,Y,NTRK2_HUMAN
768,1,21,Y,NTRK2_HUMAN
778,1,21,Y,NTRK2_HUMAN
779,1,21,Y,NTRK2_HUMAN
781,2,21,Y,NTRK2_HUMAN
786,1,21,Y,NTRK2_HUMAN
790,2,21,Y,NTRK2_HUMAN
792,2,21,Y,NTRK2_HUMAN
793,5,21,Y,NTRK2_HUMAN
795,1,21,Y,NTRK2_HUMAN
796,9,21,Y,NTRK2_HUMAN
799,1,21,Y,NTRK2_HUMAN
802,1,21,Y,NTRK2_HUMAN
805,1,21,Y,NTRK2_HUMAN
806,1,21,Y,NTRK2_HUMAN
808,1,21,Y,NTRK2_HUMAN
810,1,21,Y,NTRK2_HUMAN
812,1,21,Y,NTRK2_HUMAN
814,1,21,Y,NTRK2_HUMAN
815,2,21,Y,NTRK2_HUMAN
816,1,21,Y,NTRK2_HUMAN
817,1,21,Y,NTRK2_HUMAN
819,2,21,Y,NTRK2_HUMAN
821,3,21,Y,NTRK2_HUMAN
822,1,21,Y,NTRK2_HUMAN
530,1,22,Y,NTRK3_HUMAN
531,2,22,Y,NTRK3_HUMAN
534,3,22,Y,NTRK3_HUMAN
535,2,22,Y,NTRK3_HUMAN
536,1,22,Y,NTRK3_HUMAN
537,1,22,Y,NTRK3_HUMAN
539,5,22,Y,NTRK3_HUMAN
540,1,22,Y,NTRK3_HUMAN
542,3,22,Y,NTRK3_HUMAN
543,1,22,Y,NTRK3_HUMAN
544,1,22,Y,NTRK3_HUMAN
545,4,22,Y,NTRK3_HUMAN
546,1,22,Y,NTRK3_HUMAN
547,4,22,Y,NTRK3_HUMAN
548,1,22,Y,NTRK3_HUMAN
549,2,22,Y,NTRK3_HUMAN
551,1,22,Y,NTRK3_HUMAN
552,1,22,Y,NTRK3_HUMAN
554,1,22,Y,NTRK3_HUMAN
555,3,22,Y,NTRK3_HUMAN
556,2,22,Y,NTRK3_HUMAN
558,2,22,Y,NTRK3_HUMAN
559,1,22,Y,NTRK3_HUMAN
560,2,22,Y,NTRK3_HUMAN
561,2,22,Y,NTRK3_HUMAN
562,3,22,Y,NTRK3_HUMAN
563,2,22,Y,NTRK3_HUMAN
564,1,22,Y,NTRK3_HUMAN
565,3,22,Y,NTRK3_HUMAN
567,1,22,Y,NTRK3_HUMAN
568,3,22,Y,NTRK3_HUMAN
569,6,22,Y,NTRK3_HUMAN
573,2,22,Y,NTRK3_HUMAN
574,2,22,Y,NTRK3_HUMAN
575,4,22,Y,NTRK3_HUMAN
576,8,22,Y,NTRK3_HUMAN
577,4,22,Y,NTRK3_HUMAN
578,3,22,Y,NTRK3_HUMAN
580,1,22,Y,NTRK3_HUMAN
581,2,22,Y,NTRK3_HUMAN
582,2,22,Y,NTRK3_HUMAN
583,1,22,Y,NTRK3_HUMAN
584,6,22,Y,NTRK3_HUMAN
585,2,22,Y,NTRK3_HUMAN
586,1,22,Y,NTRK3_HUMAN
587,1,22,Y,NTRK3_HUMAN
588,1,22,Y,NTRK3_HUMAN
589,1,22,Y,NTRK3_HUMAN
590,3,22,Y,NTRK3_HUMAN
591,2,22,Y,NTRK3_HUMAN
594,1,22,Y,NTRK3_HUMAN
598,1,22,Y,NTRK3_HUMAN
599,1,22,Y,NTRK3_HUMAN
602,4,22,Y,NTRK3_HUMAN
603,1,22,Y,NTRK3_HUMAN
604,2,22,Y,NTRK3_HUMAN
605,3,22,Y,NTRK3_HUMAN
608,9,22,Y,NTRK3_HUMAN
609,6,22,Y,NTRK3_HUMAN
611,3,22,Y,NTRK3_HUMAN
612,2,22,Y,NTRK3_HUMAN
613,1,22,Y,NTRK3_HUMAN
616,1,22,Y,NTRK3_HUMAN
617,1,22,Y,NTRK3_HUMAN
620,1,22,Y,NTRK3_HUMAN
621,1,22,Y,NTRK3_HUMAN
622,3,22,Y,NTRK3_HUMAN
623,3,22,Y,NTRK3_HUMAN
624,3,22,Y,NTRK3_HUMAN
627,2,22,Y,NTRK3_HUMAN
628,1,22,Y,NTRK3_HUMAN
629,3,22,Y,NTRK3_HUMAN
630,4,22,Y,NTRK3_HUMAN
631,1,22,Y,NTRK3_HUMAN
632,1,22,Y,NTRK3_HUMAN
633,1,22,Y,NTRK3_HUMAN
634,2,22,Y,NTRK3_HUMAN
635,3,22,Y,NTRK3_HUMAN
636,1,22,Y,NTRK3_HUMAN
649,2,22,Y,NTRK3_HUMAN
651,1,22,Y,NTRK3_HUMAN
652,4,22,Y,NTRK3_HUMAN
653,2,22,Y,NTRK3_HUMAN
654,2,22,Y,NTRK3_HUMAN
655,1,22,Y,NTRK3_HUMAN
657,1,22,Y,NTRK3_HUMAN
658,3,22,Y,NTRK3_HUMAN
661,1,22,Y,NTRK3_HUMAN
662,1,22,Y,NTRK3_HUMAN
663,4,22,Y,NTRK3_HUMAN
664,3,22,Y,NTRK3_HUMAN
665,1,22,Y,NTRK3_HUMAN
666,2,22,Y,NTRK3_HUMAN
667,1,22,Y,NTRK3_HUMAN
669,2,22,Y,NTRK3_HUMAN
671,1,22,Y,NTRK3_HUMAN
672,1,22,Y,NTRK3_HUMAN
673,1,22,Y,NTRK3_HUMAN
674,1,22,Y,NTRK3_HUMAN
677,5,22,Y,NTRK3_HUMAN
678,5,22,Y,NTRK3_HUMAN
679,2,22,Y,NTRK3_HUMAN
681,1,22,Y,NTRK3_HUMAN
682,2,22,Y,NTRK3_HUMAN
683,1,22,Y,NTRK3_HUMAN
687,3,22,Y,NTRK3_HUMAN
689,2,22,Y,NTRK3_HUMAN
691,1,22,Y,NTRK3_HUMAN
694,2,22,Y,NTRK3_HUMAN
695,4,22,Y,NTRK3_HUMAN
696,5,22,Y,NTRK3_HUMAN
697,1,22,Y,NTRK3_HUMAN
698,1,22,Y,NTRK3_HUMAN
700,1,22,Y,NTRK3_HUMAN
701,6,22,Y,NTRK3_HUMAN
702,2,22,Y,NTRK3_HUMAN
704,2,22,Y,NTRK3_HUMAN
705,2,22,Y,NTRK3_HUMAN
707,2,22,Y,NTRK3_HUMAN
708,4,22,Y,NTRK3_HUMAN
709,1,22,Y,NTRK3_HUMAN
710,1,22,Y,NTRK3_HUMAN
711,1,22,Y,NTRK3_HUMAN
712,1,22,Y,NTRK3_HUMAN
729,4,22,Y,NTRK3_HUMAN
730,1,22,Y,NTRK3_HUMAN
732,1,22,Y,NTRK3_HUMAN
733,1,22,Y,NTRK3_HUMAN
735,13,22,Y,NTRK3_HUMAN
736,1,22,Y,NTRK3_HUMAN
737,1,22,Y,NTRK3_HUMAN
738,2,22,Y,NTRK3_HUMAN
739,2,22,Y,NTRK3_HUMAN
740,1,22,Y,NTRK3_HUMAN
741,4,22,Y,NTRK3_HUMAN
742,2,22,Y,NTRK3_HUMAN
744,1,22,Y,NTRK3_HUMAN
745,10,22,Y,NTRK3_HUMAN
746,15,22,Y,NTRK3_HUMAN
747,3,22,Y,NTRK3_HUMAN
750,2,22,Y,NTRK3_HUMAN
751,3,22,Y,NTRK3_HUMAN
752,1,22,Y,NTRK3_HUMAN
754,1,22,Y,NTRK3_HUMAN
757,3,22,Y,NTRK3_HUMAN
759,1,22,Y,NTRK3_HUMAN
760,1,22,Y,NTRK3_HUMAN
762,3,22,Y,NTRK3_HUMAN
763,1,22,Y,NTRK3_HUMAN
766,1,22,Y,NTRK3_HUMAN
767,2,22,Y,NTRK3_HUMAN
768,1,22,Y,NTRK3_HUMAN
770,2,22,Y,NTRK3_HUMAN
773,1,22,Y,NTRK3_HUMAN
774,1,22,Y,NTRK3_HUMAN
777,5,22,Y,NTRK3_HUMAN
778,4,22,Y,NTRK3_HUMAN
779,1,22,Y,NTRK3_HUMAN
782,1,22,Y,NTRK3_HUMAN
783,1,22,Y,NTRK3_HUMAN
787,4,22,Y,NTRK3_HUMAN
790,1,22,Y,NTRK3_HUMAN
791,5,22,Y,NTRK3_HUMAN
793,6,22,Y,NTRK3_HUMAN
794,3,22,Y,NTRK3_HUMAN
795,1,22,Y,NTRK3_HUMAN
796,3,22,Y,NTRK3_HUMAN
797,2,22,Y,NTRK3_HUMAN
798,4,22,Y,NTRK3_HUMAN
799,2,22,Y,NTRK3_HUMAN
800,2,22,Y,NTRK3_HUMAN
801,3,22,Y,NTRK3_HUMAN
802,1,22,Y,NTRK3_HUMAN
803,1,22,Y,NTRK3_HUMAN
804,1,22,Y,NTRK3_HUMAN
806,2,22,Y,NTRK3_HUMAN
809,1,22,Y,NTRK3_HUMAN
810,9,22,Y,NTRK3_HUMAN
813,1,22,Y,NTRK3_HUMAN
814,1,22,Y,NTRK3_HUMAN
816,2,22,Y,NTRK3_HUMAN
818,1,22,Y,NTRK3_HUMAN
819,2,22,Y,NTRK3_HUMAN
821,2,22,Y,NTRK3_HUMAN
822,2,22,Y,NTRK3_HUMAN
824,1,22,Y,NTRK3_HUMAN
825,2,22,Y,NTRK3_HUMAN
826,2,22,Y,NTRK3_HUMAN
827,4,22,Y,NTRK3_HUMAN
828,3,22,Y,NTRK3_HUMAN
829,1,22,Y,NTRK3_HUMAN
830,2,22,Y,NTRK3_HUMAN
831,1,22,Y,NTRK3_HUMAN
832,3,22,Y,NTRK3_HUMAN
833,2,22,Y,NTRK3_HUMAN
834,2,22,Y,NTRK3_HUMAN
836,1,22,Y,NTRK3_HUMAN
837,3,22,Y,NTRK3_HUMAN
555,9,23,Y,PGFRA_HUMAN
556,4,23,Y,PGFRA_HUMAN
558,16,23,Y,PGFRA_HUMAN
559,2,23,Y,PGFRA_HUMAN
560,2,23,Y,PGFRA_HUMAN
561,68,23,Y,PGFRA_HUMAN
562,1,23,Y,PGFRA_HUMAN
563,3,23,Y,PGFRA_HUMAN
564,2,23,Y,PGFRA_HUMAN
565,1,23,Y,PGFRA_HUMAN
566,1,23,Y,PGFRA_HUMAN
567,5,23,Y,PGFRA_HUMAN
568,1,23,Y,PGFRA_HUMAN
569,2,23,Y,PGFRA_HUMAN
570,3,23,Y,PGFRA_HUMAN
571,3,23,Y,PGFRA_HUMAN
572,1,23,Y,PGFRA_HUMAN
576,1,23,Y,PGFRA_HUMAN
577,5,23,Y,PGFRA_HUMAN
580,2,23,Y,PGFRA_HUMAN
581,2,23,Y,PGFRA_HUMAN
583,2,23,Y,PGFRA_HUMAN
587,1,23,Y,PGFRA_HUMAN
589,4,23,Y,PGFRA_HUMAN
591,1,23,Y,PGFRA_HUMAN
592,4,23,Y,PGFRA_HUMAN
593,1,23,Y,PGFRA_HUMAN
594,1,23,Y,PGFRA_HUMAN
595,1,23,Y,PGFRA_HUMAN
596,1,23,Y,PGFRA_HUMAN
599,1,23,Y,PGFRA_HUMAN
603,1,23,Y,PGFRA_HUMAN
606,1,23,Y,PGFRA_HUMAN
612,2,23,Y,PGFRA_HUMAN
614,1,23,Y,PGFRA_HUMAN
617,2,23,Y,PGFRA_HUMAN
618,1,23,Y,PGFRA_HUMAN
624,1,23,Y,PGFRA_HUMAN
626,2,23,Y,PGFRA_HUMAN
627,1,23,Y,PGFRA_HUMAN
628,1,23,Y,PGFRA_HUMAN
630,1,23,Y,PGFRA_HUMAN
631,1,23,Y,PGFRA_HUMAN
632,1,23,Y,PGFRA_HUMAN
634,2,23,Y,PGFRA_HUMAN
636,1,23,Y,PGFRA_HUMAN
639,1,23,Y,PGFRA_HUMAN
641,3,23,Y,PGFRA_HUMAN
646,4,23,Y,PGFRA_HUMAN
648,1,23,Y,PGFRA_HUMAN
649,1,23,Y,PGFRA_HUMAN
650,1,23,Y,PGFRA_HUMAN
651,1,23,Y,PGFRA_HUMAN
652,15,23,Y,PGFRA_HUMAN
653,1,23,Y,PGFRA_HUMAN
655,1,23,Y,PGFRA_HUMAN
658,1,23,Y,PGFRA_HUMAN
659,49,23,Y,PGFRA_HUMAN
662,2,23,Y,PGFRA_HUMAN
665,3,23,Y,PGFRA_HUMAN
667,1,23,Y,PGFRA_HUMAN
671,1,23,Y,PGFRA_HUMAN
674,10,23,Y,PGFRA_HUMAN
675,2,23,Y,PGFRA_HUMAN
678,2,23,Y,PGFRA_HUMAN
680,1,23,Y,PGFRA_HUMAN
681,5,23,Y,PGFRA_HUMAN
684,1,23,Y,PGFRA_HUMAN
685,2,23,Y,PGFRA_HUMAN
687,4,23,Y,PGFRA_HUMAN
688,1,23,Y,PGFRA_HUMAN
689,1,23,Y,PGFRA_HUMAN
690,1,23,Y,PGFRA_HUMAN
691,1,23,Y,PGFRA_HUMAN
693,1,23,Y,PGFRA_HUMAN
696,3,23,Y,PGFRA_HUMAN
773,1,23,Y,PGFRA_HUMAN
775,1,23,Y,PGFRA_HUMAN
776,2,23,Y,PGFRA_HUMAN
782,4,23,Y,PGFRA_HUMAN
783,1,23,Y,PGFRA_HUMAN
784,4,23,Y,PGFRA_HUMAN
785,1,23,Y,PGFRA_HUMAN
787,1,23,Y,PGFRA_HUMAN
788,1,23,Y,PGFRA_HUMAN
789,2,23,Y,PGFRA_HUMAN
790,2,23,Y,PGFRA_HUMAN
791,1,23,Y,PGFRA_HUMAN
793,1,23,Y,PGFRA_HUMAN
794,3,23,Y,PGFRA_HUMAN
798,1,23,Y,PGFRA_HUMAN
804,3,23,Y,PGFRA_HUMAN
805,2,23,Y,PGFRA_HUMAN
806,3,23,Y,PGFRA_HUMAN
807,3,23,Y,PGFRA_HUMAN
808,2,23,Y,PGFRA_HUMAN
810,2,23,Y,PGFRA_HUMAN
815,1,23,Y,PGFRA_HUMAN
816,1,23,Y,PGFRA_HUMAN
817,2,23,Y,PGFRA_HUMAN
819,2,23,Y,PGFRA_HUMAN
820,2,23,Y,PGFRA_HUMAN
821,1,23,Y,PGFRA_HUMAN
822,14,23,Y,PGFRA_HUMAN
824,6,23,Y,PGFRA_HUMAN
825,1,23,Y,PGFRA_HUMAN
826,2,23,Y,PGFRA_HUMAN
828,1,23,Y,PGFRA_HUMAN
829,11,23,Y,PGFRA_HUMAN
832,1,23,Y,PGFRA_HUMAN
834,1,23,Y,PGFRA_HUMAN
835,1,23,Y,PGFRA_HUMAN
836,3,23,Y,PGFRA_HUMAN
838,3,23,Y,PGFRA_HUMAN
839,1,23,Y,PGFRA_HUMAN
840,1,23,Y,PGFRA_HUMAN
841,2,23,Y,PGFRA_HUMAN
842,637,23,Y,PGFRA_HUMAN
843,1,23,Y,PGFRA_HUMAN
844,2,23,Y,PGFRA_HUMAN
845,3,23,Y,PGFRA_HUMAN
846,12,23,Y,PGFRA_HUMAN
847,6,23,Y,PGFRA_HUMAN
848,4,23,Y,PGFRA_HUMAN
849,13,23,Y,PGFRA_HUMAN
851,5,23,Y,PGFRA_HUMAN
853,1,23,Y,PGFRA_HUMAN
856,2,23,Y,PGFRA_HUMAN
857,1,23,Y,PGFRA_HUMAN
859,7,23,Y,PGFRA_HUMAN
863,1,23,Y,PGFRA_HUMAN
864,5,23,Y,PGFRA_HUMAN
869,1,23,Y,PGFRA_HUMAN
870,1,23,Y,PGFRA_HUMAN
871,1,23,Y,PGFRA_HUMAN
873,2,23,Y,PGFRA_HUMAN
875,1,23,Y,PGFRA_HUMAN
876,1,23,Y,PGFRA_HUMAN
879,1,23,Y,PGFRA_HUMAN
882,2,23,Y,PGFRA_HUMAN
884,1,23,Y,PGFRA_HUMAN
885,3,23,Y,PGFRA_HUMAN
886,1,23,Y,PGFRA_HUMAN
887,1,23,Y,PGFRA_HUMAN
888,2,23,Y,PGFRA_HUMAN
889,1,23,Y,PGFRA_HUMAN
890,3,23,Y,PGFRA_HUMAN
891,4,23,Y,PGFRA_HUMAN
892,1,23,Y,PGFRA_HUMAN
893,1,23,Y,PGFRA_HUMAN
895,3,23,Y,PGFRA_HUMAN
897,2,23,Y,PGFRA_HUMAN
898,7,23,Y,PGFRA_HUMAN
902,1,23,Y,PGFRA_HUMAN
903,1,23,Y,PGFRA_HUMAN
907,2,23,Y,PGFRA_HUMAN
911,2,23,Y,PGFRA_HUMAN
912,3,23,Y,PGFRA_HUMAN
914,1,23,Y,PGFRA_HUMAN
915,1,23,Y,PGFRA_HUMAN
916,1,23,Y,PGFRA_HUMAN
919,4,23,Y,PGFRA_HUMAN
921,1,23,Y,PGFRA_HUMAN
922,1,23,Y,PGFRA_HUMAN
923,1,23,Y,PGFRA_HUMAN
924,1,23,Y,PGFRA_HUMAN
927,2,23,Y,PGFRA_HUMAN
928,1,23,Y,PGFRA_HUMAN
932,1,23,Y,PGFRA_HUMAN
934,2,23,Y,PGFRA_HUMAN
937,4,23,Y,PGFRA_HUMAN
938,2,23,Y,PGFRA_HUMAN
939,2,23,Y,PGFRA_HUMAN
940,2,23,Y,PGFRA_HUMAN
941,1,23,Y,PGFRA_HUMAN
942,1,23,Y,PGFRA_HUMAN
944,1,23,Y,PGFRA_HUMAN
945,1,23,Y,PGFRA_HUMAN
947,1,23,Y,PGFRA_HUMAN
950,1,23,Y,PGFRA_HUMAN
951,2,23,Y,PGFRA_HUMAN
954,2,23,Y,PGFRA_HUMAN
955,1,23,Y,PGFRA_HUMAN
1000,1,24,Y,RET_HUMAN
1002,5,24,Y,RET_HUMAN
1006,2,24,Y,RET_HUMAN
705,2,24,Y,RET_HUMAN
706,5,24,Y,RET_HUMAN
708,1,24,Y,RET_HUMAN
710,1,24,Y,RET_HUMAN
713,2,24,Y,RET_HUMAN
715,2,24,Y,RET_HUMAN
716,3,24,Y,RET_HUMAN
717,3,24,Y,RET_HUMAN
718,1,24,Y,RET_HUMAN
719,1,24,Y,RET_HUMAN
720,3,24,Y,RET_HUMAN
721,2,24,Y,RET_HUMAN
727,1,24,Y,RET_HUMAN
731,2,24,Y,RET_HUMAN
732,1,24,Y,RET_HUMAN
734,1,24,Y,RET_HUMAN
736,6,24,Y,RET_HUMAN
739,1,24,Y,RET_HUMAN
740,1,24,Y,RET_HUMAN
741,1,24,Y,RET_HUMAN
742,1,24,Y,RET_HUMAN
743,1,24,Y,RET_HUMAN
744,1,24,Y,RET_HUMAN
745,2,24,Y,RET_HUMAN
746,1,24,Y,RET_HUMAN
748,2,24,Y,RET_HUMAN
750,4,24,Y,RET_HUMAN
752,1,24,Y,RET_HUMAN
754,2,24,Y,RET_HUMAN
755,1,24,Y,RET_HUMAN
756,2,24,Y,RET_HUMAN
757,2,24,Y,RET_HUMAN
759,2,24,Y,RET_HUMAN
762,1,24,Y,RET_HUMAN
763,1,24,Y,RET_HUMAN
764,3,24,Y,RET_HUMAN
766,5,24,Y,RET_HUMAN
767,1,24,Y,RET_HUMAN
768,6,24,Y,RET_HUMAN
770,5,24,Y,RET_HUMAN
776,1,24,Y,RET_HUMAN
777,1,24,Y,RET_HUMAN
778,1,24,Y,RET_HUMAN
780,2,24,Y,RET_HUMAN
781,3,24,Y,RET_HUMAN
782,2,24,Y,RET_HUMAN
784,2,24,Y,RET_HUMAN
786,2,24,Y,RET_HUMAN
788,1,24,Y,RET_HUMAN
789,2,24,Y,RET_HUMAN
790,1,24,Y,RET_HUMAN
791,5,24,Y,RET_HUMAN
792,1,24,Y,RET_HUMAN
793,2,24,Y,RET_HUMAN
794,2,24,Y,RET_HUMAN
796,1,24,Y,RET_HUMAN
797,1,24,Y,RET_HUMAN
798,1,24,Y,RET_HUMAN
799,3,24,Y,RET_HUMAN
804,5,24,Y,RET_HUMAN
807,3,24,Y,RET_HUMAN
808,1,24,Y,RET_HUMAN
816,1,24,Y,RET_HUMAN
817,4,24,Y,RET_HUMAN
818,2,24,Y,RET_HUMAN
820,7,24,Y,RET_HUMAN
821,1,24,Y,RET_HUMAN
842,2,24,Y,RET_HUMAN
843,2,24,Y,RET_HUMAN
844,6,24,Y,RET_HUMAN
845,1,24,Y,RET_HUMAN
846,1,24,Y,RET_HUMAN
848,4,24,Y,RET_HUMAN
850,3,24,Y,RET_HUMAN
851,2,24,Y,RET_HUMAN
852,2,24,Y,RET_HUMAN
856,2,24,Y,RET_HUMAN
858,1,24,Y,RET_HUMAN
859,1,24,Y,RET_HUMAN
860,2,24,Y,RET_HUMAN
861,1,24,Y,RET_HUMAN
862,2,24,Y,RET_HUMAN
863,1,24,Y,RET_HUMAN
867,1,24,Y,RET_HUMAN
868,2,24,Y,RET_HUMAN
873,4,24,Y,RET_HUMAN
874,1,24,Y,RET_HUMAN
876,2,24,Y,RET_HUMAN
879,5,24,Y,RET_HUMAN
883,37,24,Y,RET_HUMAN
884,13,24,Y,RET_HUMAN
885,1,24,Y,RET_HUMAN
886,4,24,Y,RET_HUMAN
888,2,24,Y,RET_HUMAN
891,18,24,Y,RET_HUMAN
892,3,24,Y,RET_HUMAN
894,4,24,Y,RET_HUMAN
895,2,24,Y,RET_HUMAN
897,3,24,Y,RET_HUMAN
899,1,24,Y,RET_HUMAN
901,3,24,Y,RET_HUMAN
902,1,24,Y,RET_HUMAN
903,3,24,Y,RET_HUMAN
904,7,24,Y,RET_HUMAN
905,2,24,Y,RET_HUMAN
906,2,24,Y,RET_HUMAN
907,2,24,Y,RET_HUMAN
908,1,24,Y,RET_HUMAN
911,1,24,Y,RET_HUMAN
912,5,24,Y,RET_HUMAN
914,1,24,Y,RET_HUMAN
918,852,24,Y,RET_HUMAN
919,4,24,Y,RET_HUMAN
921,2,24,Y,RET_HUMAN
922,2,24,Y,RET_HUMAN
923,4,24,Y,RET_HUMAN
924,2,24,Y,RET_HUMAN
925,2,24,Y,RET_HUMAN
926,2,24,Y,RET_HUMAN
929,1,24,Y,RET_HUMAN
930,4,24,Y,RET_HUMAN
932,1,24,Y,RET_HUMAN
936,1,24,Y,RET_HUMAN
940,1,24,Y,RET_HUMAN
942,1,24,Y,RET_HUMAN
944,1,24,Y,RET_HUMAN
945,2,24,Y,RET_HUMAN
946,1,24,Y,RET_HUMAN
948,1,24,Y,RET_HUMAN
949,2,24,Y,RET_HUMAN
951,2,24,Y,RET_HUMAN
953,1,24,Y,RET_HUMAN
956,1,24,Y,RET_HUMAN
957,1,24,Y,RET_HUMAN
959,4,24,Y,RET_HUMAN
962,1,24,Y,RET_HUMAN
963,2,24,Y,RET_HUMAN
967,1,24,Y,RET_HUMAN
968,1,24,Y,RET_HUMAN
969,7,24,Y,RET_HUMAN
970,2,24,Y,RET_HUMAN
971,2,24,Y,RET_HUMAN
972,1,24,Y,RET_HUMAN
977,2,24,Y,RET_HUMAN
978,4,24,Y,RET_HUMAN
979,2,24,Y,RET_HUMAN
980,4,24,Y,RET_HUMAN
982,23,24,Y,RET_HUMAN
991,2,24,Y,RET_HUMAN
992,2,24,Y,RET_HUMAN
996,1,24,Y,RET_HUMAN
998,1,24,Y,RET_HUMAN
999,2,24,Y,RET_HUMAN
1003,8,25,Y,TIE2_HUMAN
1006,1,25,Y,TIE2_HUMAN
1008,1,25,Y,TIE2_HUMAN
1012,1,25,Y,TIE2_HUMAN
1014,1,25,Y,TIE2_HUMAN
1015,1,25,Y,TIE2_HUMAN
1016,1,25,Y,TIE2_HUMAN
1017,3,25,Y,TIE2_HUMAN
1035,2,25,Y,TIE2_HUMAN
1038,1,25,Y,TIE2_HUMAN
1041,1,25,Y,TIE2_HUMAN
1048,1,25,Y,TIE2_HUMAN
1049,1,25,Y,TIE2_HUMAN
1060,1,25,Y,TIE2_HUMAN
1066,1,25,Y,TIE2_HUMAN
1076,6,25,Y,TIE2_HUMAN
1081,1,25,Y,TIE2_HUMAN
1083,1,25,Y,TIE2_HUMAN
1084,2,25,Y,TIE2_HUMAN
1086,1,25,Y,TIE2_HUMAN
1088,1,25,Y,TIE2_HUMAN
1089,1,25,Y,TIE2_HUMAN
1091,2,25,Y,TIE2_HUMAN
1094,1,25,Y,TIE2_HUMAN
814,1,25,Y,TIE2_HUMAN
816,1,25,Y,TIE2_HUMAN
817,1,25,Y,TIE2_HUMAN
819,5,25,Y,TIE2_HUMAN
825,1,25,Y,TIE2_HUMAN
828,2,25,Y,TIE2_HUMAN
831,1,25,Y,TIE2_HUMAN
833,1,25,Y,TIE2_HUMAN
838,1,25,Y,TIE2_HUMAN
839,2,25,Y,TIE2_HUMAN
841,1,25,Y,TIE2_HUMAN
842,6,25,Y,TIE2_HUMAN
847,2,25,Y,TIE2_HUMAN
849,2,25,Y,TIE2_HUMAN
850,1,25,Y,TIE2_HUMAN
854,1,25,Y,TIE2_HUMAN
856,1,25,Y,TIE2_HUMAN
867,3,25,Y,TIE2_HUMAN
871,1,25,Y,TIE2_HUMAN
872,3,25,Y,TIE2_HUMAN
880,2,25,Y,TIE2_HUMAN
881,2,25,Y,TIE2_HUMAN
882,1,25,Y,TIE2_HUMAN
883,3,25,Y,TIE2_HUMAN
886,1,25,Y,TIE2_HUMAN
891,1,25,Y,TIE2_HUMAN
895,1,25,Y,TIE2_HUMAN
898,1,25,Y,TIE2_HUMAN
905,2,25,Y,TIE2_HUMAN
906,1,25,Y,TIE2_HUMAN
907,1,25,Y,TIE2_HUMAN
911,2,25,Y,TIE2_HUMAN
912,1,25,Y,TIE2_HUMAN
915,3,25,Y,TIE2_HUMAN
918,2,25,Y,TIE2_HUMAN
919,1,25,Y,TIE2_HUMAN
920,1,25,Y,TIE2_HUMAN
921,1,25,Y,TIE2_HUMAN
922,1,25,Y,TIE2_HUMAN
927,1,25,Y,TIE2_HUMAN
933,2,25,Y,TIE2_HUMAN
934,1,25,Y,TIE2_HUMAN
942,1,25,Y,TIE2_HUMAN
943,1,25,Y,TIE2_HUMAN
945,1,25,Y,TIE2_HUMAN
947,2,25,Y,TIE2_HUMAN
948,2,25,Y,TIE2_HUMAN
949,1,25,Y,TIE2_HUMAN
950,2,25,Y,TIE2_HUMAN
952,1,25,Y,TIE2_HUMAN
955,3,25,Y,TIE2_HUMAN
956,1,25,Y,TIE2_HUMAN
957,1,25,Y,TIE2_HUMAN
975,1,25,Y,TIE2_HUMAN
979,1,25,Y,TIE2_HUMAN
981,1,25,Y,TIE2_HUMAN
983,1,25,Y,TIE2_HUMAN
984,1,25,Y,TIE2_HUMAN
988,3,25,Y,TIE2_HUMAN
990,4,25,Y,TIE2_HUMAN
999,1,25,Y,TIE2_HUMAN
